Subgroup,N,DV,DV_key,Feature,Feature_col,Beta_std,SE,z,p,Sig,ICC
Technical,12747,1+ mainspace edit (14d),primary,Reply word count,r_words,-0.0027,0.0062,-0.43,0.6665,,0.0
Technical,12747,1+ mainspace edit (14d),primary,"""You"" rate (per word)",r_pronoun_you_rate,-0.005,0.0034,-1.46,0.1432,,0.0
Technical,12747,1+ mainspace edit (14d),primary,"""I"" rate (per word)",r_pronoun_i_rate,0.0095,0.0039,2.42,0.0156,*,0.0
Technical,12747,1+ mainspace edit (14d),primary,"""We"" rate (per word)",r_pronoun_we_rate,-0.0045,0.0036,-1.26,0.2085,,0.0
Technical,12747,1+ mainspace edit (14d),primary,VADER compound sentiment,r_vader_compound,0.0018,0.004,0.45,0.6503,,0.0
Technical,12747,1+ mainspace edit (14d),primary,TextBlob subjectivity,r_tb_subjectivity,-0.0007,0.0035,-0.2,0.8424,,0.0
Technical,12747,1+ mainspace edit (14d),primary,Flesch-Kincaid grade,r_flesch_kincaid,0.0012,0.0039,0.31,0.7548,,0.0
Technical,12747,1+ mainspace edit (14d),primary,Imperative sentences,r_n_imperatives,0.0019,0.0033,0.58,0.5614,,0.0
Technical,12747,1+ mainspace edit (14d),primary,Resource links (total),r_n_resources,0.008,0.02,0.4,0.6902,,0.0
Technical,12747,1+ mainspace edit (14d),primary,Wikilinks,r_n_wikilink,-0.0024,0.008,-0.29,0.7687,,0.0
Technical,12747,1+ mainspace edit (14d),primary,Policy references,r_n_policy,-0.0129,0.017,-0.76,0.4479,,0.0
Technical,12747,1+ mainspace edit (14d),primary,Help page references,r_n_help,-0.0008,0.0052,-0.16,0.8751,,0.0
Technical,12747,1+ mainspace edit (14d),primary,Reply lag (hours),r_reply_lag_hours,-0.0389,0.0032,-12.17,0.0,***,0.0
Technical,12747,1+ mainspace edit (14d),primary,Reply/question word ratio,r_reply_q_word_ratio,-0.0049,0.0073,-0.67,0.5016,,0.0
Technical,12747,1+ mainspace edit (14d),primary,Has greeting,r_has_greeting,0.0027,0.0034,0.8,0.4256,,0.0
Technical,12747,1+ mainspace edit (14d),primary,Gratitude expression,r_polite_gratitude,-0.0021,0.0034,-0.63,0.5284,,0.0
Technical,12747,1+ mainspace edit (14d),primary,Positive language,r_polite_has_positive,0.0118,0.0049,2.43,0.0153,*,0.0
Technical,12747,1+ mainspace edit (14d),primary,Deference,r_polite_deference,-0.0044,0.0047,-0.94,0.3476,,0.0
Technical,12747,1+ mainspace edit (14d),primary,Has list,r_has_list,0.0017,0.0033,0.53,0.5932,,0.0
Technical,12747,1+ mainspace edit (14d),primary,Question marks in reply,r_n_question_marks,0.0004,0.0035,0.1,0.918,,0.0
Technical,12747,1+ mainspace edit (14d),primary,Q-R semantic similarity,r_qr_cosine_sim,0.0188,0.0039,4.78,0.0,***,0.0
Technical,12747,N mainspace edits (14d),n_mainspace_edits_14d,Reply word count,r_words,-1.0902,0.6185,-1.76,0.0779,,0.0
Technical,12747,N mainspace edits (14d),n_mainspace_edits_14d,"""You"" rate (per word)",r_pronoun_you_rate,-0.03,0.3403,-0.09,0.9298,,0.0
Technical,12747,N mainspace edits (14d),n_mainspace_edits_14d,"""I"" rate (per word)",r_pronoun_i_rate,0.3834,0.3932,0.97,0.3296,,0.0
Technical,12747,N mainspace edits (14d),n_mainspace_edits_14d,"""We"" rate (per word)",r_pronoun_we_rate,-0.0956,0.3549,-0.27,0.7877,,0.0
Technical,12747,N mainspace edits (14d),n_mainspace_edits_14d,VADER compound sentiment,r_vader_compound,-0.0346,0.3948,-0.09,0.9301,,0.0
Technical,12747,N mainspace edits (14d),n_mainspace_edits_14d,TextBlob subjectivity,r_tb_subjectivity,0.4235,0.3506,1.21,0.2271,,0.0
Technical,12747,N mainspace edits (14d),n_mainspace_edits_14d,Flesch-Kincaid grade,r_flesch_kincaid,-0.3756,0.3924,-0.96,0.3384,,0.0
Technical,12747,N mainspace edits (14d),n_mainspace_edits_14d,Imperative sentences,r_n_imperatives,0.3568,0.3246,1.1,0.2717,,0.0
Technical,12747,N mainspace edits (14d),n_mainspace_edits_14d,Resource links (total),r_n_resources,0.1827,1.9921,0.09,0.9269,,0.0
Technical,12747,N mainspace edits (14d),n_mainspace_edits_14d,Wikilinks,r_n_wikilink,-0.1691,0.7985,-0.21,0.8323,,0.0
Technical,12747,N mainspace edits (14d),n_mainspace_edits_14d,Policy references,r_n_policy,0.8105,1.7017,0.48,0.6339,,0.0
Technical,12747,N mainspace edits (14d),n_mainspace_edits_14d,Help page references,r_n_help,-0.0933,0.5212,-0.18,0.8579,,0.0
Technical,12747,N mainspace edits (14d),n_mainspace_edits_14d,Reply lag (hours),r_reply_lag_hours,-0.7028,0.3176,-2.21,0.0269,*,0.0
Technical,12747,N mainspace edits (14d),n_mainspace_edits_14d,Reply/question word ratio,r_reply_q_word_ratio,-0.1799,0.7335,-0.25,0.8062,,0.0
Technical,12747,N mainspace edits (14d),n_mainspace_edits_14d,Has greeting,r_has_greeting,0.0682,0.3343,0.2,0.8384,,0.0
Technical,12747,N mainspace edits (14d),n_mainspace_edits_14d,Gratitude expression,r_polite_gratitude,0.4192,0.3379,1.24,0.2148,,0.0
Technical,12747,N mainspace edits (14d),n_mainspace_edits_14d,Positive language,r_polite_has_positive,0.2498,0.4867,0.51,0.6078,,0.0
Technical,12747,N mainspace edits (14d),n_mainspace_edits_14d,Deference,r_polite_deference,-0.1291,0.4697,-0.27,0.7835,,0.0
Technical,12747,N mainspace edits (14d),n_mainspace_edits_14d,Has list,r_has_list,0.2085,0.327,0.64,0.5237,,0.0
Technical,12747,N mainspace edits (14d),n_mainspace_edits_14d,Question marks in reply,r_n_question_marks,0.3962,0.3463,1.14,0.2526,,0.0
Technical,12747,N mainspace edits (14d),n_mainspace_edits_14d,Q-R semantic similarity,r_qr_cosine_sim,-0.1011,0.392,-0.26,0.7966,,0.0
Technical,12747,Active days (30d),active_days_30d,Reply word count,r_words,0.0188,0.0511,0.37,0.7127,,0.0001
Technical,12747,Active days (30d),active_days_30d,"""You"" rate (per word)",r_pronoun_you_rate,-0.0147,0.0282,-0.52,0.6019,,0.0001
Technical,12747,Active days (30d),active_days_30d,"""I"" rate (per word)",r_pronoun_i_rate,0.0951,0.0327,2.91,0.0037,**,0.0001
Technical,12747,Active days (30d),active_days_30d,"""We"" rate (per word)",r_pronoun_we_rate,-0.0238,0.0293,-0.81,0.4161,,0.0001
Technical,12747,Active days (30d),active_days_30d,VADER compound sentiment,r_vader_compound,0.0334,0.0326,1.02,0.3064,,0.0001
Technical,12747,Active days (30d),active_days_30d,TextBlob subjectivity,r_tb_subjectivity,-0.0216,0.029,-0.75,0.455,,0.0001
Technical,12747,Active days (30d),active_days_30d,Flesch-Kincaid grade,r_flesch_kincaid,0.0048,0.0324,0.15,0.8823,,0.0001
Technical,12747,Active days (30d),active_days_30d,Imperative sentences,r_n_imperatives,-0.0195,0.0268,-0.73,0.4682,,0.0001
Technical,12747,Active days (30d),active_days_30d,Resource links (total),r_n_resources,-0.093,0.1646,-0.56,0.5722,,0.0001
Technical,12747,Active days (30d),active_days_30d,Wikilinks,r_n_wikilink,0.0079,0.066,0.12,0.9052,,0.0001
Technical,12747,Active days (30d),active_days_30d,Policy references,r_n_policy,0.0348,0.1406,0.25,0.8043,,0.0001
Technical,12747,Active days (30d),active_days_30d,Help page references,r_n_help,0.0594,0.0432,1.37,0.1695,,0.0001
Technical,12747,Active days (30d),active_days_30d,Reply lag (hours),r_reply_lag_hours,-0.1907,0.0266,-7.16,0.0,***,0.0001
Technical,12747,Active days (30d),active_days_30d,Reply/question word ratio,r_reply_q_word_ratio,-0.0803,0.0606,-1.33,0.1849,,0.0001
Technical,12747,Active days (30d),active_days_30d,Has greeting,r_has_greeting,0.009,0.0277,0.32,0.7456,,0.0001
Technical,12747,Active days (30d),active_days_30d,Gratitude expression,r_polite_gratitude,0.0044,0.0279,0.16,0.874,,0.0001
Technical,12747,Active days (30d),active_days_30d,Positive language,r_polite_has_positive,0.0161,0.0406,0.4,0.6921,,0.0001
Technical,12747,Active days (30d),active_days_30d,Deference,r_polite_deference,0.0064,0.0391,0.16,0.8696,,0.0001
Technical,12747,Active days (30d),active_days_30d,Has list,r_has_list,0.0174,0.027,0.64,0.5204,,0.0001
Technical,12747,Active days (30d),active_days_30d,Question marks in reply,r_n_question_marks,0.0608,0.0286,2.13,0.0336,*,0.0001
Technical,12747,Active days (30d),active_days_30d,Q-R semantic similarity,r_qr_cosine_sim,0.0858,0.0324,2.65,0.0081,**,0.0001
Technical,12747,Unique namespaces (14d),unique_ns,Reply word count,r_words,-0.0152,0.0115,-1.32,0.1879,,0.001
Technical,12747,Unique namespaces (14d),unique_ns,"""You"" rate (per word)",r_pronoun_you_rate,0.0009,0.0063,0.14,0.8857,,0.001
Technical,12747,Unique namespaces (14d),unique_ns,"""I"" rate (per word)",r_pronoun_i_rate,0.0251,0.0073,3.43,0.0006,***,0.001
Technical,12747,Unique namespaces (14d),unique_ns,"""We"" rate (per word)",r_pronoun_we_rate,-0.0134,0.0066,-2.03,0.0428,*,0.001
Technical,12747,Unique namespaces (14d),unique_ns,VADER compound sentiment,r_vader_compound,0.0043,0.0074,0.58,0.5626,,0.001
Technical,12747,Unique namespaces (14d),unique_ns,TextBlob subjectivity,r_tb_subjectivity,0.0021,0.0065,0.33,0.745,,0.001
Technical,12747,Unique namespaces (14d),unique_ns,Flesch-Kincaid grade,r_flesch_kincaid,0.0074,0.0073,1.01,0.3115,,0.001
Technical,12747,Unique namespaces (14d),unique_ns,Imperative sentences,r_n_imperatives,0.0021,0.006,0.35,0.7237,,0.001
Technical,12747,Unique namespaces (14d),unique_ns,Resource links (total),r_n_resources,-0.0027,0.037,-0.07,0.9425,,0.001
Technical,12747,Unique namespaces (14d),unique_ns,Wikilinks,r_n_wikilink,-0.0022,0.0149,-0.15,0.8829,,0.001
Technical,12747,Unique namespaces (14d),unique_ns,Policy references,r_n_policy,-0.0001,0.0316,-0.0,0.9987,,0.001
Technical,12747,Unique namespaces (14d),unique_ns,Help page references,r_n_help,0.003,0.0097,0.31,0.7572,,0.001
Technical,12747,Unique namespaces (14d),unique_ns,Reply lag (hours),r_reply_lag_hours,-0.0696,0.006,-11.64,0.0,***,0.001
Technical,12747,Unique namespaces (14d),unique_ns,Reply/question word ratio,r_reply_q_word_ratio,-0.0123,0.0136,-0.9,0.3679,,0.001
Technical,12747,Unique namespaces (14d),unique_ns,Has greeting,r_has_greeting,-0.0004,0.0063,-0.06,0.9488,,0.001
Technical,12747,Unique namespaces (14d),unique_ns,Gratitude expression,r_polite_gratitude,0.0009,0.0063,0.15,0.8809,,0.001
Technical,12747,Unique namespaces (14d),unique_ns,Positive language,r_polite_has_positive,0.0179,0.0091,1.97,0.049,*,0.001
Technical,12747,Unique namespaces (14d),unique_ns,Deference,r_polite_deference,-0.007,0.0088,-0.8,0.4236,,0.001
Technical,12747,Unique namespaces (14d),unique_ns,Has list,r_has_list,0.0119,0.0061,1.95,0.0509,,0.001
Technical,12747,Unique namespaces (14d),unique_ns,Question marks in reply,r_n_question_marks,0.0045,0.0064,0.7,0.4847,,0.001
Technical,12747,Unique namespaces (14d),unique_ns,Q-R semantic similarity,r_qr_cosine_sim,0.031,0.0073,4.26,0.0,***,0.001
Technical,12747,Reverted any (14d),reverted_any,Reply word count,r_words,-0.0002,0.005,-0.05,0.964,,0.0007
Technical,12747,Reverted any (14d),reverted_any,"""You"" rate (per word)",r_pronoun_you_rate,0.0007,0.0027,0.24,0.8066,,0.0007
Technical,12747,Reverted any (14d),reverted_any,"""I"" rate (per word)",r_pronoun_i_rate,0.0031,0.0032,0.99,0.3238,,0.0007
Technical,12747,Reverted any (14d),reverted_any,"""We"" rate (per word)",r_pronoun_we_rate,-0.0039,0.0028,-1.36,0.1745,,0.0007
Technical,12747,Reverted any (14d),reverted_any,VADER compound sentiment,r_vader_compound,-0.0025,0.0032,-0.79,0.43,,0.0007
Technical,12747,Reverted any (14d),reverted_any,TextBlob subjectivity,r_tb_subjectivity,0.0009,0.0028,0.32,0.7478,,0.0007
Technical,12747,Reverted any (14d),reverted_any,Flesch-Kincaid grade,r_flesch_kincaid,-0.0006,0.0031,-0.18,0.8546,,0.0007
Technical,12747,Reverted any (14d),reverted_any,Imperative sentences,r_n_imperatives,0.0013,0.0026,0.49,0.6224,,0.0007
Technical,12747,Reverted any (14d),reverted_any,Resource links (total),r_n_resources,-0.009,0.0159,-0.57,0.5705,,0.0007
Technical,12747,Reverted any (14d),reverted_any,Wikilinks,r_n_wikilink,0.0021,0.0064,0.33,0.7444,,0.0007
Technical,12747,Reverted any (14d),reverted_any,Policy references,r_n_policy,0.0075,0.0136,0.55,0.582,,0.0007
Technical,12747,Reverted any (14d),reverted_any,Help page references,r_n_help,0.0027,0.0042,0.64,0.5203,,0.0007
Technical,12747,Reverted any (14d),reverted_any,Reply lag (hours),r_reply_lag_hours,-0.0197,0.0025,-7.75,0.0,***,0.0007
Technical,12747,Reverted any (14d),reverted_any,Reply/question word ratio,r_reply_q_word_ratio,-0.0028,0.0059,-0.48,0.6286,,0.0007
Technical,12747,Reverted any (14d),reverted_any,Has greeting,r_has_greeting,0.0016,0.0027,0.6,0.5501,,0.0007
Technical,12747,Reverted any (14d),reverted_any,Gratitude expression,r_polite_gratitude,-0.001,0.0027,-0.36,0.7161,,0.0007
Technical,12747,Reverted any (14d),reverted_any,Positive language,r_polite_has_positive,0.0085,0.0039,2.18,0.029,*,0.0007
Technical,12747,Reverted any (14d),reverted_any,Deference,r_polite_deference,0.0011,0.0038,0.29,0.7741,,0.0007
Technical,12747,Reverted any (14d),reverted_any,Has list,r_has_list,0.0017,0.0026,0.66,0.5098,,0.0007
Technical,12747,Reverted any (14d),reverted_any,Question marks in reply,r_n_question_marks,0.0025,0.0028,0.89,0.3741,,0.0007
Technical,12747,Reverted any (14d),reverted_any,Q-R semantic similarity,r_qr_cosine_sim,0.0083,0.0031,2.64,0.0084,**,0.0007
Technical,12747,2+ active days (14d),cross_day_any_14d,Reply word count,r_words,-0.0055,0.005,-1.09,0.276,,0.0
Technical,12747,2+ active days (14d),cross_day_any_14d,"""You"" rate (per word)",r_pronoun_you_rate,-0.001,0.0028,-0.37,0.7117,,0.0
Technical,12747,2+ active days (14d),cross_day_any_14d,"""I"" rate (per word)",r_pronoun_i_rate,0.0072,0.0032,2.27,0.0229,*,0.0
Technical,12747,2+ active days (14d),cross_day_any_14d,"""We"" rate (per word)",r_pronoun_we_rate,-0.0019,0.0029,-0.66,0.5097,,0.0
Technical,12747,2+ active days (14d),cross_day_any_14d,VADER compound sentiment,r_vader_compound,0.0024,0.0032,0.75,0.4514,,0.0
Technical,12747,2+ active days (14d),cross_day_any_14d,TextBlob subjectivity,r_tb_subjectivity,-0.0004,0.0028,-0.15,0.8846,,0.0
Technical,12747,2+ active days (14d),cross_day_any_14d,Flesch-Kincaid grade,r_flesch_kincaid,0.0008,0.0032,0.24,0.8123,,0.0
Technical,12747,2+ active days (14d),cross_day_any_14d,Imperative sentences,r_n_imperatives,0.0,0.0026,0.01,0.99,,0.0
Technical,12747,2+ active days (14d),cross_day_any_14d,Resource links (total),r_n_resources,0.0033,0.0161,0.2,0.8382,,0.0
Technical,12747,2+ active days (14d),cross_day_any_14d,Wikilinks,r_n_wikilink,-0.0003,0.0065,-0.05,0.9602,,0.0
Technical,12747,2+ active days (14d),cross_day_any_14d,Policy references,r_n_policy,-0.0028,0.0138,-0.2,0.8403,,0.0
Technical,12747,2+ active days (14d),cross_day_any_14d,Help page references,r_n_help,-0.0029,0.0042,-0.68,0.495,,0.0
Technical,12747,2+ active days (14d),cross_day_any_14d,Reply lag (hours),r_reply_lag_hours,-0.0217,0.0026,-8.47,0.0,***,0.0
Technical,12747,2+ active days (14d),cross_day_any_14d,Reply/question word ratio,r_reply_q_word_ratio,-0.0019,0.0059,-0.31,0.7544,,0.0
Technical,12747,2+ active days (14d),cross_day_any_14d,Has greeting,r_has_greeting,0.0007,0.0027,0.27,0.7846,,0.0
Technical,12747,2+ active days (14d),cross_day_any_14d,Gratitude expression,r_polite_gratitude,-0.0015,0.0027,-0.55,0.5801,,0.0
Technical,12747,2+ active days (14d),cross_day_any_14d,Positive language,r_polite_has_positive,0.0126,0.004,3.17,0.0016,**,0.0
Technical,12747,2+ active days (14d),cross_day_any_14d,Deference,r_polite_deference,-0.0051,0.0038,-1.33,0.184,,0.0
Technical,12747,2+ active days (14d),cross_day_any_14d,Has list,r_has_list,0.0,0.0026,0.0,0.9964,,0.0
Technical,12747,2+ active days (14d),cross_day_any_14d,Question marks in reply,r_n_question_marks,-0.0005,0.0028,-0.19,0.8454,,0.0
Technical,12747,2+ active days (14d),cross_day_any_14d,Q-R semantic similarity,r_qr_cosine_sim,0.0152,0.0032,4.8,0.0,***,0.0
Referent (Q2),3560,1+ mainspace edit (14d),primary,Reply word count,r_words,0.0155,0.0132,1.18,0.2394,,0.0001
Referent (Q2),3560,1+ mainspace edit (14d),primary,"""You"" rate (per word)",r_pronoun_you_rate,0.0045,0.0062,0.72,0.4733,,0.0001
Referent (Q2),3560,1+ mainspace edit (14d),primary,"""I"" rate (per word)",r_pronoun_i_rate,-0.0003,0.0069,-0.05,0.963,,0.0001
Referent (Q2),3560,1+ mainspace edit (14d),primary,"""We"" rate (per word)",r_pronoun_we_rate,-0.0067,0.0064,-1.05,0.2918,,0.0001
Referent (Q2),3560,1+ mainspace edit (14d),primary,VADER compound sentiment,r_vader_compound,0.0067,0.0085,0.79,0.4293,,0.0001
Referent (Q2),3560,1+ mainspace edit (14d),primary,TextBlob subjectivity,r_tb_subjectivity,-0.0132,0.0065,-2.01,0.0442,*,0.0001
Referent (Q2),3560,1+ mainspace edit (14d),primary,Flesch-Kincaid grade,r_flesch_kincaid,0.0071,0.0067,1.06,0.289,,0.0001
Referent (Q2),3560,1+ mainspace edit (14d),primary,Imperative sentences,r_n_imperatives,0.0001,0.0059,0.02,0.9826,,0.0001
Referent (Q2),3560,1+ mainspace edit (14d),primary,Resource links (total),r_n_resources,0.0456,0.0473,0.96,0.3351,,0.0001
Referent (Q2),3560,1+ mainspace edit (14d),primary,Wikilinks,r_n_wikilink,-0.0323,0.0199,-1.62,0.1043,,0.0001
Referent (Q2),3560,1+ mainspace edit (14d),primary,Policy references,r_n_policy,-0.0338,0.0407,-0.83,0.4063,,0.0001
Referent (Q2),3560,1+ mainspace edit (14d),primary,Help page references,r_n_help,-0.0136,0.0111,-1.22,0.2208,,0.0001
Referent (Q2),3560,1+ mainspace edit (14d),primary,Reply lag (hours),r_reply_lag_hours,-0.0203,0.0056,-3.65,0.0003,***,0.0001
Referent (Q2),3560,1+ mainspace edit (14d),primary,Reply/question word ratio,r_reply_q_word_ratio,-0.0227,0.0124,-1.83,0.0669,,0.0001
Referent (Q2),3560,1+ mainspace edit (14d),primary,Has greeting,r_has_greeting,0.0009,0.006,0.15,0.879,,0.0001
Referent (Q2),3560,1+ mainspace edit (14d),primary,Gratitude expression,r_polite_gratitude,0.0088,0.0067,1.32,0.1856,,0.0001
Referent (Q2),3560,1+ mainspace edit (14d),primary,Positive language,r_polite_has_positive,-0.0007,0.008,-0.09,0.9262,,0.0001
Referent (Q2),3560,1+ mainspace edit (14d),primary,Deference,r_polite_deference,0.0061,0.0074,0.83,0.4065,,0.0001
Referent (Q2),3560,1+ mainspace edit (14d),primary,Has list,r_has_list,0.0003,0.0072,0.03,0.9721,,0.0001
Referent (Q2),3560,1+ mainspace edit (14d),primary,Question marks in reply,r_n_question_marks,0.0197,0.0072,2.74,0.0062,**,0.0001
Referent (Q2),3560,1+ mainspace edit (14d),primary,Q-R semantic similarity,r_qr_cosine_sim,0.0105,0.0078,1.36,0.1738,,0.0001
Referent (Q2),3560,N mainspace edits (14d),n_mainspace_edits_14d,Reply word count,r_words,0.9184,0.6184,1.49,0.1375,,0.0
Referent (Q2),3560,N mainspace edits (14d),n_mainspace_edits_14d,"""You"" rate (per word)",r_pronoun_you_rate,-0.0576,0.2919,-0.2,0.8437,,0.0
Referent (Q2),3560,N mainspace edits (14d),n_mainspace_edits_14d,"""I"" rate (per word)",r_pronoun_i_rate,-0.24,0.3238,-0.74,0.4586,,0.0
Referent (Q2),3560,N mainspace edits (14d),n_mainspace_edits_14d,"""We"" rate (per word)",r_pronoun_we_rate,0.1433,0.2989,0.48,0.6316,,0.0
Referent (Q2),3560,N mainspace edits (14d),n_mainspace_edits_14d,VADER compound sentiment,r_vader_compound,0.4099,0.3972,1.03,0.3022,,0.0
Referent (Q2),3560,N mainspace edits (14d),n_mainspace_edits_14d,TextBlob subjectivity,r_tb_subjectivity,-0.1779,0.3057,-0.58,0.5606,,0.0
Referent (Q2),3560,N mainspace edits (14d),n_mainspace_edits_14d,Flesch-Kincaid grade,r_flesch_kincaid,-0.6433,0.3159,-2.04,0.0417,*,0.0
Referent (Q2),3560,N mainspace edits (14d),n_mainspace_edits_14d,Imperative sentences,r_n_imperatives,-0.0967,0.2782,-0.35,0.7281,,0.0
Referent (Q2),3560,N mainspace edits (14d),n_mainspace_edits_14d,Resource links (total),r_n_resources,-1.1714,2.2156,-0.53,0.597,,0.0
Referent (Q2),3560,N mainspace edits (14d),n_mainspace_edits_14d,Wikilinks,r_n_wikilink,-0.0899,0.9297,-0.1,0.923,,0.0
Referent (Q2),3560,N mainspace edits (14d),n_mainspace_edits_14d,Policy references,r_n_policy,1.0627,1.9021,0.56,0.5764,,0.0
Referent (Q2),3560,N mainspace edits (14d),n_mainspace_edits_14d,Help page references,r_n_help,-0.35,0.5193,-0.67,0.5003,,0.0
Referent (Q2),3560,N mainspace edits (14d),n_mainspace_edits_14d,Reply lag (hours),r_reply_lag_hours,-0.2263,0.2606,-0.87,0.3851,,0.0
Referent (Q2),3560,N mainspace edits (14d),n_mainspace_edits_14d,Reply/question word ratio,r_reply_q_word_ratio,-0.0977,0.5802,-0.17,0.8663,,0.0
Referent (Q2),3560,N mainspace edits (14d),n_mainspace_edits_14d,Has greeting,r_has_greeting,0.2045,0.2833,0.72,0.4703,,0.0
Referent (Q2),3560,N mainspace edits (14d),n_mainspace_edits_14d,Gratitude expression,r_polite_gratitude,0.5633,0.3124,1.8,0.0714,,0.0
Referent (Q2),3560,N mainspace edits (14d),n_mainspace_edits_14d,Positive language,r_polite_has_positive,-0.4999,0.3774,-1.32,0.1852,,0.0
Referent (Q2),3560,N mainspace edits (14d),n_mainspace_edits_14d,Deference,r_polite_deference,0.2201,0.346,0.64,0.5248,,0.0
Referent (Q2),3560,N mainspace edits (14d),n_mainspace_edits_14d,Has list,r_has_list,0.2155,0.3353,0.64,0.5204,,0.0
Referent (Q2),3560,N mainspace edits (14d),n_mainspace_edits_14d,Question marks in reply,r_n_question_marks,0.2466,0.3374,0.73,0.4648,,0.0
Referent (Q2),3560,N mainspace edits (14d),n_mainspace_edits_14d,Q-R semantic similarity,r_qr_cosine_sim,-0.0339,0.3634,-0.09,0.9257,,0.0
Referent (Q2),3560,Active days (30d),active_days_30d,Reply word count,r_words,0.2742,0.0781,3.51,0.0004,***,0.001
Referent (Q2),3560,Active days (30d),active_days_30d,"""You"" rate (per word)",r_pronoun_you_rate,0.0025,0.0369,0.07,0.9464,,0.001
Referent (Q2),3560,Active days (30d),active_days_30d,"""I"" rate (per word)",r_pronoun_i_rate,0.0124,0.0417,0.3,0.7666,,0.001
Referent (Q2),3560,Active days (30d),active_days_30d,"""We"" rate (per word)",r_pronoun_we_rate,0.0008,0.0379,0.02,0.9825,,0.001
Referent (Q2),3560,Active days (30d),active_days_30d,VADER compound sentiment,r_vader_compound,0.0037,0.0502,0.07,0.9415,,0.001
Referent (Q2),3560,Active days (30d),active_days_30d,TextBlob subjectivity,r_tb_subjectivity,0.0147,0.0387,0.38,0.7046,,0.001
Referent (Q2),3560,Active days (30d),active_days_30d,Flesch-Kincaid grade,r_flesch_kincaid,0.0061,0.0399,0.15,0.8792,,0.001
Referent (Q2),3560,Active days (30d),active_days_30d,Imperative sentences,r_n_imperatives,-0.0132,0.0353,-0.37,0.7084,,0.001
Referent (Q2),3560,Active days (30d),active_days_30d,Resource links (total),r_n_resources,-0.0525,0.2801,-0.19,0.8513,,0.001
Referent (Q2),3560,Active days (30d),active_days_30d,Wikilinks,r_n_wikilink,-0.0647,0.1178,-0.55,0.5826,,0.001
Referent (Q2),3560,Active days (30d),active_days_30d,Policy references,r_n_policy,0.0993,0.2406,0.41,0.6799,,0.001
Referent (Q2),3560,Active days (30d),active_days_30d,Help page references,r_n_help,-0.0373,0.0659,-0.57,0.571,,0.001
Referent (Q2),3560,Active days (30d),active_days_30d,Reply lag (hours),r_reply_lag_hours,-0.0632,0.0328,-1.93,0.0539,,0.001
Referent (Q2),3560,Active days (30d),active_days_30d,Reply/question word ratio,r_reply_q_word_ratio,-0.3126,0.0733,-4.27,0.0,***,0.001
Referent (Q2),3560,Active days (30d),active_days_30d,Has greeting,r_has_greeting,-0.0142,0.0356,-0.4,0.6907,,0.001
Referent (Q2),3560,Active days (30d),active_days_30d,Gratitude expression,r_polite_gratitude,0.0038,0.0397,0.09,0.9246,,0.001
Referent (Q2),3560,Active days (30d),active_days_30d,Positive language,r_polite_has_positive,0.0389,0.0475,0.82,0.4131,,0.001
Referent (Q2),3560,Active days (30d),active_days_30d,Deference,r_polite_deference,-0.0142,0.0439,-0.32,0.7462,,0.001
Referent (Q2),3560,Active days (30d),active_days_30d,Has list,r_has_list,0.0101,0.0424,0.24,0.8108,,0.001
Referent (Q2),3560,Active days (30d),active_days_30d,Question marks in reply,r_n_question_marks,0.07,0.0428,1.64,0.1019,,0.001
Referent (Q2),3560,Active days (30d),active_days_30d,Q-R semantic similarity,r_qr_cosine_sim,0.0384,0.0458,0.84,0.4016,,0.001
Referent (Q2),3560,Unique namespaces (14d),unique_ns,Reply word count,r_words,0.0688,0.0235,2.92,0.0035,**,0.0027
Referent (Q2),3560,Unique namespaces (14d),unique_ns,"""You"" rate (per word)",r_pronoun_you_rate,-0.0076,0.0111,-0.68,0.4938,,0.0027
Referent (Q2),3560,Unique namespaces (14d),unique_ns,"""I"" rate (per word)",r_pronoun_i_rate,0.0126,0.0124,1.01,0.3107,,0.0027
Referent (Q2),3560,Unique namespaces (14d),unique_ns,"""We"" rate (per word)",r_pronoun_we_rate,-0.007,0.0114,-0.62,0.5375,,0.0027
Referent (Q2),3560,Unique namespaces (14d),unique_ns,VADER compound sentiment,r_vader_compound,-0.0139,0.0151,-0.92,0.3577,,0.0027
Referent (Q2),3560,Unique namespaces (14d),unique_ns,TextBlob subjectivity,r_tb_subjectivity,-0.0062,0.0117,-0.53,0.5979,,0.0027
Referent (Q2),3560,Unique namespaces (14d),unique_ns,Flesch-Kincaid grade,r_flesch_kincaid,-0.0048,0.0121,-0.4,0.6875,,0.0027
Referent (Q2),3560,Unique namespaces (14d),unique_ns,Imperative sentences,r_n_imperatives,-0.0081,0.0106,-0.77,0.4435,,0.0027
Referent (Q2),3560,Unique namespaces (14d),unique_ns,Resource links (total),r_n_resources,0.1261,0.0844,1.49,0.1352,,0.0027
Referent (Q2),3560,Unique namespaces (14d),unique_ns,Wikilinks,r_n_wikilink,-0.0764,0.0355,-2.15,0.0313,*,0.0027
Referent (Q2),3560,Unique namespaces (14d),unique_ns,Policy references,r_n_policy,-0.0994,0.0725,-1.37,0.1703,,0.0027
Referent (Q2),3560,Unique namespaces (14d),unique_ns,Help page references,r_n_help,-0.0444,0.0198,-2.24,0.0253,*,0.0027
Referent (Q2),3560,Unique namespaces (14d),unique_ns,Reply lag (hours),r_reply_lag_hours,-0.0411,0.0099,-4.14,0.0,***,0.0027
Referent (Q2),3560,Unique namespaces (14d),unique_ns,Reply/question word ratio,r_reply_q_word_ratio,-0.0566,0.022,-2.57,0.0103,*,0.0027
Referent (Q2),3560,Unique namespaces (14d),unique_ns,Has greeting,r_has_greeting,-0.0031,0.0108,-0.29,0.7743,,0.0027
Referent (Q2),3560,Unique namespaces (14d),unique_ns,Gratitude expression,r_polite_gratitude,0.0081,0.012,0.68,0.4973,,0.0027
Referent (Q2),3560,Unique namespaces (14d),unique_ns,Positive language,r_polite_has_positive,0.0119,0.0144,0.83,0.4084,,0.0027
Referent (Q2),3560,Unique namespaces (14d),unique_ns,Deference,r_polite_deference,0.0087,0.0133,0.66,0.5096,,0.0027
Referent (Q2),3560,Unique namespaces (14d),unique_ns,Has list,r_has_list,0.0044,0.0128,0.34,0.7319,,0.0027
Referent (Q2),3560,Unique namespaces (14d),unique_ns,Question marks in reply,r_n_question_marks,0.0241,0.0129,1.87,0.0616,,0.0027
Referent (Q2),3560,Unique namespaces (14d),unique_ns,Q-R semantic similarity,r_qr_cosine_sim,0.0216,0.0138,1.56,0.1187,,0.0027
Referent (Q2),3560,Reverted any (14d),reverted_any,Reply word count,r_words,-0.0013,0.0108,-0.12,0.9039,,0.0024
Referent (Q2),3560,Reverted any (14d),reverted_any,"""You"" rate (per word)",r_pronoun_you_rate,-0.0007,0.0051,-0.13,0.8927,,0.0024
Referent (Q2),3560,Reverted any (14d),reverted_any,"""I"" rate (per word)",r_pronoun_i_rate,-0.0027,0.0057,-0.47,0.6391,,0.0024
Referent (Q2),3560,Reverted any (14d),reverted_any,"""We"" rate (per word)",r_pronoun_we_rate,-0.0083,0.0052,-1.58,0.1139,,0.0024
Referent (Q2),3560,Reverted any (14d),reverted_any,VADER compound sentiment,r_vader_compound,0.0017,0.007,0.24,0.8104,,0.0024
Referent (Q2),3560,Reverted any (14d),reverted_any,TextBlob subjectivity,r_tb_subjectivity,0.0019,0.0054,0.35,0.7294,,0.0024
Referent (Q2),3560,Reverted any (14d),reverted_any,Flesch-Kincaid grade,r_flesch_kincaid,-0.0038,0.0056,-0.69,0.4925,,0.0024
Referent (Q2),3560,Reverted any (14d),reverted_any,Imperative sentences,r_n_imperatives,0.0024,0.0049,0.5,0.6161,,0.0024
Referent (Q2),3560,Reverted any (14d),reverted_any,Resource links (total),r_n_resources,0.0295,0.0389,0.76,0.4489,,0.0024
Referent (Q2),3560,Reverted any (14d),reverted_any,Wikilinks,r_n_wikilink,-0.0249,0.0163,-1.52,0.1276,,0.0024
Referent (Q2),3560,Reverted any (14d),reverted_any,Policy references,r_n_policy,-0.017,0.0334,-0.51,0.6113,,0.0024
Referent (Q2),3560,Reverted any (14d),reverted_any,Help page references,r_n_help,-0.0134,0.0091,-1.46,0.1443,,0.0024
Referent (Q2),3560,Reverted any (14d),reverted_any,Reply lag (hours),r_reply_lag_hours,-0.01,0.0046,-2.15,0.0317,*,0.0024
Referent (Q2),3560,Reverted any (14d),reverted_any,Reply/question word ratio,r_reply_q_word_ratio,-0.0056,0.0102,-0.55,0.583,,0.0024
Referent (Q2),3560,Reverted any (14d),reverted_any,Has greeting,r_has_greeting,0.0057,0.0051,1.12,0.2614,,0.0024
Referent (Q2),3560,Reverted any (14d),reverted_any,Gratitude expression,r_polite_gratitude,0.0146,0.0055,2.63,0.0087,**,0.0024
Referent (Q2),3560,Reverted any (14d),reverted_any,Positive language,r_polite_has_positive,0.0008,0.0066,0.12,0.906,,0.0024
Referent (Q2),3560,Reverted any (14d),reverted_any,Deference,r_polite_deference,-0.0067,0.0061,-1.09,0.2751,,0.0024
Referent (Q2),3560,Reverted any (14d),reverted_any,Has list,r_has_list,0.0057,0.0059,0.97,0.3322,,0.0024
Referent (Q2),3560,Reverted any (14d),reverted_any,Question marks in reply,r_n_question_marks,0.0069,0.0059,1.16,0.2463,,0.0024
Referent (Q2),3560,Reverted any (14d),reverted_any,Q-R semantic similarity,r_qr_cosine_sim,0.005,0.0064,0.79,0.4312,,0.0024
Referent (Q2),3560,2+ active days (14d),cross_day_any_14d,Reply word count,r_words,0.0173,0.0099,1.74,0.0813,,0.0007
Referent (Q2),3560,2+ active days (14d),cross_day_any_14d,"""You"" rate (per word)",r_pronoun_you_rate,0.0049,0.0047,1.04,0.2991,,0.0007
Referent (Q2),3560,2+ active days (14d),cross_day_any_14d,"""I"" rate (per word)",r_pronoun_i_rate,-0.0094,0.0052,-1.81,0.0709,,0.0007
Referent (Q2),3560,2+ active days (14d),cross_day_any_14d,"""We"" rate (per word)",r_pronoun_we_rate,-0.0025,0.0048,-0.53,0.5976,,0.0007
Referent (Q2),3560,2+ active days (14d),cross_day_any_14d,VADER compound sentiment,r_vader_compound,0.0057,0.0064,0.89,0.371,,0.0007
Referent (Q2),3560,2+ active days (14d),cross_day_any_14d,TextBlob subjectivity,r_tb_subjectivity,-0.0006,0.0049,-0.12,0.9073,,0.0007
Referent (Q2),3560,2+ active days (14d),cross_day_any_14d,Flesch-Kincaid grade,r_flesch_kincaid,-0.0039,0.0051,-0.76,0.4446,,0.0007
Referent (Q2),3560,2+ active days (14d),cross_day_any_14d,Imperative sentences,r_n_imperatives,-0.0049,0.0045,-1.09,0.2763,,0.0007
Referent (Q2),3560,2+ active days (14d),cross_day_any_14d,Resource links (total),r_n_resources,0.0435,0.0355,1.22,0.2208,,0.0007
Referent (Q2),3560,2+ active days (14d),cross_day_any_14d,Wikilinks,r_n_wikilink,-0.0273,0.0149,-1.83,0.0671,,0.0007
Referent (Q2),3560,2+ active days (14d),cross_day_any_14d,Policy references,r_n_policy,-0.0286,0.0305,-0.94,0.3477,,0.0007
Referent (Q2),3560,2+ active days (14d),cross_day_any_14d,Help page references,r_n_help,-0.0164,0.0083,-1.97,0.0486,*,0.0007
Referent (Q2),3560,2+ active days (14d),cross_day_any_14d,Reply lag (hours),r_reply_lag_hours,-0.0138,0.0042,-3.31,0.0009,***,0.0007
Referent (Q2),3560,2+ active days (14d),cross_day_any_14d,Reply/question word ratio,r_reply_q_word_ratio,-0.0248,0.0093,-2.67,0.0075,**,0.0007
Referent (Q2),3560,2+ active days (14d),cross_day_any_14d,Has greeting,r_has_greeting,-0.0005,0.0045,-0.1,0.9178,,0.0007
Referent (Q2),3560,2+ active days (14d),cross_day_any_14d,Gratitude expression,r_polite_gratitude,0.0011,0.005,0.22,0.8258,,0.0007
Referent (Q2),3560,2+ active days (14d),cross_day_any_14d,Positive language,r_polite_has_positive,0.0029,0.006,0.49,0.6251,,0.0007
Referent (Q2),3560,2+ active days (14d),cross_day_any_14d,Deference,r_polite_deference,-0.0001,0.0056,-0.03,0.9789,,0.0007
Referent (Q2),3560,2+ active days (14d),cross_day_any_14d,Has list,r_has_list,0.0016,0.0054,0.3,0.7607,,0.0007
Referent (Q2),3560,2+ active days (14d),cross_day_any_14d,Question marks in reply,r_n_question_marks,0.008,0.0054,1.49,0.1372,,0.0007
Referent (Q2),3560,2+ active days (14d),cross_day_any_14d,Q-R semantic similarity,r_qr_cosine_sim,0.0008,0.0058,0.14,0.8854,,0.0007
Normative (Q4),5085,1+ mainspace edit (14d),primary,Reply word count,r_words,-0.0047,0.0072,-0.65,0.5186,,0.0036
Normative (Q4),5085,1+ mainspace edit (14d),primary,"""You"" rate (per word)",r_pronoun_you_rate,-0.0065,0.0076,-0.85,0.393,,0.0036
Normative (Q4),5085,1+ mainspace edit (14d),primary,"""I"" rate (per word)",r_pronoun_i_rate,0.0041,0.0072,0.57,0.5688,,0.0036
Normative (Q4),5085,1+ mainspace edit (14d),primary,"""We"" rate (per word)",r_pronoun_we_rate,-0.0047,0.0058,-0.81,0.42,,0.0036
Normative (Q4),5085,1+ mainspace edit (14d),primary,VADER compound sentiment,r_vader_compound,0.0059,0.0065,0.9,0.3666,,0.0036
Normative (Q4),5085,1+ mainspace edit (14d),primary,TextBlob subjectivity,r_tb_subjectivity,0.0124,0.0074,1.68,0.0921,,0.0036
Normative (Q4),5085,1+ mainspace edit (14d),primary,Flesch-Kincaid grade,r_flesch_kincaid,0.0017,0.0077,0.22,0.8265,,0.0036
Normative (Q4),5085,1+ mainspace edit (14d),primary,Imperative sentences,r_n_imperatives,0.0057,0.0069,0.83,0.4077,,0.0036
Normative (Q4),5085,1+ mainspace edit (14d),primary,Resource links (total),r_n_resources,0.0365,0.0343,1.06,0.2884,,0.0036
Normative (Q4),5085,1+ mainspace edit (14d),primary,Wikilinks,r_n_wikilink,-0.0142,0.0142,-1.0,0.317,,0.0036
Normative (Q4),5085,1+ mainspace edit (14d),primary,Policy references,r_n_policy,-0.0361,0.0297,-1.21,0.2247,,0.0036
Normative (Q4),5085,1+ mainspace edit (14d),primary,Help page references,r_n_help,-0.0097,0.0108,-0.89,0.3708,,0.0036
Normative (Q4),5085,1+ mainspace edit (14d),primary,Reply lag (hours),r_reply_lag_hours,-0.051,0.0066,-7.76,0.0,***,0.0036
Normative (Q4),5085,1+ mainspace edit (14d),primary,Reply/question word ratio,r_reply_q_word_ratio,0.0079,0.0139,0.57,0.5694,,0.0036
Normative (Q4),5085,1+ mainspace edit (14d),primary,Has greeting,r_has_greeting,-0.0091,0.0062,-1.45,0.1461,,0.0036
Normative (Q4),5085,1+ mainspace edit (14d),primary,Gratitude expression,r_polite_gratitude,-0.005,0.0057,-0.89,0.3738,,0.0036
Normative (Q4),5085,1+ mainspace edit (14d),primary,Positive language,r_polite_has_positive,0.0056,0.0094,0.59,0.5529,,0.0036
Normative (Q4),5085,1+ mainspace edit (14d),primary,Deference,r_polite_deference,-0.0044,0.0085,-0.52,0.6,,0.0036
Normative (Q4),5085,1+ mainspace edit (14d),primary,Has list,r_has_list,0.0007,0.0049,0.14,0.8854,,0.0036
Normative (Q4),5085,1+ mainspace edit (14d),primary,Question marks in reply,r_n_question_marks,0.0077,0.006,1.28,0.2019,,0.0036
Normative (Q4),5085,1+ mainspace edit (14d),primary,Q-R semantic similarity,r_qr_cosine_sim,0.0193,0.0076,2.54,0.0111,*,0.0036
Normative (Q4),5085,N mainspace edits (14d),n_mainspace_edits_14d,Reply word count,r_words,-0.6435,0.8787,-0.73,0.464,,0.0
Normative (Q4),5085,N mainspace edits (14d),n_mainspace_edits_14d,"""You"" rate (per word)",r_pronoun_you_rate,-0.513,0.9192,-0.56,0.5768,,0.0
Normative (Q4),5085,N mainspace edits (14d),n_mainspace_edits_14d,"""I"" rate (per word)",r_pronoun_i_rate,0.3206,0.8771,0.37,0.7147,,0.0
Normative (Q4),5085,N mainspace edits (14d),n_mainspace_edits_14d,"""We"" rate (per word)",r_pronoun_we_rate,0.4343,0.7025,0.62,0.5365,,0.0
Normative (Q4),5085,N mainspace edits (14d),n_mainspace_edits_14d,VADER compound sentiment,r_vader_compound,-0.1735,0.785,-0.22,0.8251,,0.0
Normative (Q4),5085,N mainspace edits (14d),n_mainspace_edits_14d,TextBlob subjectivity,r_tb_subjectivity,1.6484,0.8969,1.84,0.0661,,0.0
Normative (Q4),5085,N mainspace edits (14d),n_mainspace_edits_14d,Flesch-Kincaid grade,r_flesch_kincaid,-0.282,0.9236,-0.31,0.7601,,0.0
Normative (Q4),5085,N mainspace edits (14d),n_mainspace_edits_14d,Imperative sentences,r_n_imperatives,-1.4995,0.839,-1.79,0.0739,,0.0
Normative (Q4),5085,N mainspace edits (14d),n_mainspace_edits_14d,Resource links (total),r_n_resources,19.6619,4.1678,4.72,0.0,***,0.0
Normative (Q4),5085,N mainspace edits (14d),n_mainspace_edits_14d,Wikilinks,r_n_wikilink,-8.408,1.721,-4.89,0.0,***,0.0
Normative (Q4),5085,N mainspace edits (14d),n_mainspace_edits_14d,Policy references,r_n_policy,-16.3457,3.6078,-4.53,0.0,***,0.0
Normative (Q4),5085,N mainspace edits (14d),n_mainspace_edits_14d,Help page references,r_n_help,-4.7797,1.3127,-3.64,0.0003,***,0.0
Normative (Q4),5085,N mainspace edits (14d),n_mainspace_edits_14d,Reply lag (hours),r_reply_lag_hours,-0.9951,0.7937,-1.25,0.21,,0.0
Normative (Q4),5085,N mainspace edits (14d),n_mainspace_edits_14d,Reply/question word ratio,r_reply_q_word_ratio,0.4728,1.6954,0.28,0.7803,,0.0
Normative (Q4),5085,N mainspace edits (14d),n_mainspace_edits_14d,Has greeting,r_has_greeting,0.2041,0.7503,0.27,0.7856,,0.0
Normative (Q4),5085,N mainspace edits (14d),n_mainspace_edits_14d,Gratitude expression,r_polite_gratitude,0.7857,0.6832,1.15,0.2502,,0.0
Normative (Q4),5085,N mainspace edits (14d),n_mainspace_edits_14d,Positive language,r_polite_has_positive,-1.3695,1.1282,-1.21,0.2248,,0.0
Normative (Q4),5085,N mainspace edits (14d),n_mainspace_edits_14d,Deference,r_polite_deference,0.049,1.0234,0.05,0.9618,,0.0
Normative (Q4),5085,N mainspace edits (14d),n_mainspace_edits_14d,Has list,r_has_list,0.1105,0.6017,0.18,0.8543,,0.0
Normative (Q4),5085,N mainspace edits (14d),n_mainspace_edits_14d,Question marks in reply,r_n_question_marks,0.966,0.7321,1.32,0.187,,0.0
Normative (Q4),5085,N mainspace edits (14d),n_mainspace_edits_14d,Q-R semantic similarity,r_qr_cosine_sim,-0.0001,0.9206,-0.0,1.0,,0.0
Normative (Q4),5085,Active days (30d),active_days_30d,Reply word count,r_words,-0.0608,0.0641,-0.95,0.3434,,0.0
Normative (Q4),5085,Active days (30d),active_days_30d,"""You"" rate (per word)",r_pronoun_you_rate,0.0334,0.0674,0.49,0.6208,,0.0
Normative (Q4),5085,Active days (30d),active_days_30d,"""I"" rate (per word)",r_pronoun_i_rate,0.1471,0.0644,2.29,0.0223,*,0.0
Normative (Q4),5085,Active days (30d),active_days_30d,"""We"" rate (per word)",r_pronoun_we_rate,0.0629,0.0515,1.22,0.2215,,0.0
Normative (Q4),5085,Active days (30d),active_days_30d,VADER compound sentiment,r_vader_compound,0.034,0.0576,0.59,0.5553,,0.0
Normative (Q4),5085,Active days (30d),active_days_30d,TextBlob subjectivity,r_tb_subjectivity,0.1386,0.0658,2.11,0.0352,*,0.0
Normative (Q4),5085,Active days (30d),active_days_30d,Flesch-Kincaid grade,r_flesch_kincaid,0.0677,0.0678,1.0,0.3174,,0.0
Normative (Q4),5085,Active days (30d),active_days_30d,Imperative sentences,r_n_imperatives,0.023,0.0612,0.38,0.7074,,0.0
Normative (Q4),5085,Active days (30d),active_days_30d,Resource links (total),r_n_resources,-0.3707,0.3056,-1.21,0.2251,,0.0
Normative (Q4),5085,Active days (30d),active_days_30d,Wikilinks,r_n_wikilink,0.1172,0.1263,0.93,0.3534,,0.0
Normative (Q4),5085,Active days (30d),active_days_30d,Policy references,r_n_policy,0.2906,0.2645,1.1,0.2719,,0.0
Normative (Q4),5085,Active days (30d),active_days_30d,Help page references,r_n_help,0.0812,0.0962,0.84,0.3984,,0.0
Normative (Q4),5085,Active days (30d),active_days_30d,Reply lag (hours),r_reply_lag_hours,-0.2832,0.0582,-4.87,0.0,***,0.0
Normative (Q4),5085,Active days (30d),active_days_30d,Reply/question word ratio,r_reply_q_word_ratio,0.2057,0.1243,1.66,0.0979,,0.0
Normative (Q4),5085,Active days (30d),active_days_30d,Has greeting,r_has_greeting,-0.0376,0.0546,-0.69,0.4912,,0.0
Normative (Q4),5085,Active days (30d),active_days_30d,Gratitude expression,r_polite_gratitude,0.097,0.0501,1.94,0.0527,,0.0
Normative (Q4),5085,Active days (30d),active_days_30d,Positive language,r_polite_has_positive,-0.0261,0.0827,-0.32,0.7519,,0.0
Normative (Q4),5085,Active days (30d),active_days_30d,Deference,r_polite_deference,-0.0166,0.075,-0.22,0.8251,,0.0
Normative (Q4),5085,Active days (30d),active_days_30d,Has list,r_has_list,0.0064,0.044,0.15,0.8847,,0.0
Normative (Q4),5085,Active days (30d),active_days_30d,Question marks in reply,r_n_question_marks,0.0878,0.0536,1.64,0.1015,,0.0
Normative (Q4),5085,Active days (30d),active_days_30d,Q-R semantic similarity,r_qr_cosine_sim,0.1176,0.0674,1.74,0.0811,,0.0
Normative (Q4),5085,Unique namespaces (14d),unique_ns,Reply word count,r_words,-0.0078,0.0136,-0.57,0.5681,,0.0
Normative (Q4),5085,Unique namespaces (14d),unique_ns,"""You"" rate (per word)",r_pronoun_you_rate,0.015,0.0143,1.05,0.295,,0.0
Normative (Q4),5085,Unique namespaces (14d),unique_ns,"""I"" rate (per word)",r_pronoun_i_rate,0.0491,0.0136,3.6,0.0003,***,0.0
Normative (Q4),5085,Unique namespaces (14d),unique_ns,"""We"" rate (per word)",r_pronoun_we_rate,0.0062,0.0109,0.57,0.5719,,0.0
Normative (Q4),5085,Unique namespaces (14d),unique_ns,VADER compound sentiment,r_vader_compound,0.0108,0.0122,0.89,0.3752,,0.0
Normative (Q4),5085,Unique namespaces (14d),unique_ns,TextBlob subjectivity,r_tb_subjectivity,0.0228,0.014,1.64,0.1015,,0.0
Normative (Q4),5085,Unique namespaces (14d),unique_ns,Flesch-Kincaid grade,r_flesch_kincaid,0.0126,0.0144,0.88,0.3793,,0.0
Normative (Q4),5085,Unique namespaces (14d),unique_ns,Imperative sentences,r_n_imperatives,-0.0014,0.013,-0.11,0.9142,,0.0
Normative (Q4),5085,Unique namespaces (14d),unique_ns,Resource links (total),r_n_resources,0.0546,0.0648,0.84,0.3997,,0.0
Normative (Q4),5085,Unique namespaces (14d),unique_ns,Wikilinks,r_n_wikilink,-0.0152,0.0267,-0.57,0.5698,,0.0
Normative (Q4),5085,Unique namespaces (14d),unique_ns,Policy references,r_n_policy,-0.0501,0.0561,-0.89,0.3718,,0.0
Normative (Q4),5085,Unique namespaces (14d),unique_ns,Help page references,r_n_help,-0.0201,0.0204,-0.99,0.3233,,0.0
Normative (Q4),5085,Unique namespaces (14d),unique_ns,Reply lag (hours),r_reply_lag_hours,-0.0987,0.0123,-8.01,0.0,***,0.0
Normative (Q4),5085,Unique namespaces (14d),unique_ns,Reply/question word ratio,r_reply_q_word_ratio,0.0069,0.0263,0.26,0.7932,,0.0
Normative (Q4),5085,Unique namespaces (14d),unique_ns,Has greeting,r_has_greeting,-0.0179,0.0116,-1.54,0.1231,,0.0
Normative (Q4),5085,Unique namespaces (14d),unique_ns,Gratitude expression,r_polite_gratitude,-0.0006,0.0106,-0.05,0.9576,,0.0
Normative (Q4),5085,Unique namespaces (14d),unique_ns,Positive language,r_polite_has_positive,0.0291,0.0175,1.66,0.0975,,0.0
Normative (Q4),5085,Unique namespaces (14d),unique_ns,Deference,r_polite_deference,-0.0255,0.0159,-1.6,0.1085,,0.0
Normative (Q4),5085,Unique namespaces (14d),unique_ns,Has list,r_has_list,0.0009,0.0093,0.09,0.9244,,0.0
Normative (Q4),5085,Unique namespaces (14d),unique_ns,Question marks in reply,r_n_question_marks,0.0148,0.0114,1.3,0.192,,0.0
Normative (Q4),5085,Unique namespaces (14d),unique_ns,Q-R semantic similarity,r_qr_cosine_sim,0.0239,0.0143,1.67,0.0948,,0.0
Normative (Q4),5085,Reverted any (14d),reverted_any,Reply word count,r_words,-0.0105,0.0057,-1.84,0.065,,0.0002
Normative (Q4),5085,Reverted any (14d),reverted_any,"""You"" rate (per word)",r_pronoun_you_rate,0.0012,0.006,0.21,0.8356,,0.0002
Normative (Q4),5085,Reverted any (14d),reverted_any,"""I"" rate (per word)",r_pronoun_i_rate,0.0118,0.0057,2.06,0.0393,*,0.0002
Normative (Q4),5085,Reverted any (14d),reverted_any,"""We"" rate (per word)",r_pronoun_we_rate,-0.0006,0.0046,-0.13,0.8949,,0.0002
Normative (Q4),5085,Reverted any (14d),reverted_any,VADER compound sentiment,r_vader_compound,0.0054,0.0051,1.05,0.2932,,0.0002
Normative (Q4),5085,Reverted any (14d),reverted_any,TextBlob subjectivity,r_tb_subjectivity,0.014,0.0058,2.39,0.0169,*,0.0002
Normative (Q4),5085,Reverted any (14d),reverted_any,Flesch-Kincaid grade,r_flesch_kincaid,0.0026,0.006,0.43,0.6691,,0.0002
Normative (Q4),5085,Reverted any (14d),reverted_any,Imperative sentences,r_n_imperatives,-0.0071,0.0054,-1.31,0.1918,,0.0002
Normative (Q4),5085,Reverted any (14d),reverted_any,Resource links (total),r_n_resources,0.0161,0.0271,0.59,0.5531,,0.0002
Normative (Q4),5085,Reverted any (14d),reverted_any,Wikilinks,r_n_wikilink,-0.0045,0.0112,-0.4,0.6904,,0.0002
Normative (Q4),5085,Reverted any (14d),reverted_any,Policy references,r_n_policy,0.0005,0.0235,0.02,0.9821,,0.0002
Normative (Q4),5085,Reverted any (14d),reverted_any,Help page references,r_n_help,-0.0019,0.0085,-0.23,0.8197,,0.0002
Normative (Q4),5085,Reverted any (14d),reverted_any,Reply lag (hours),r_reply_lag_hours,-0.0235,0.0052,-4.55,0.0,***,0.0002
Normative (Q4),5085,Reverted any (14d),reverted_any,Reply/question word ratio,r_reply_q_word_ratio,0.0166,0.011,1.51,0.1323,,0.0002
Normative (Q4),5085,Reverted any (14d),reverted_any,Has greeting,r_has_greeting,-0.0123,0.0049,-2.53,0.0115,*,0.0002
Normative (Q4),5085,Reverted any (14d),reverted_any,Gratitude expression,r_polite_gratitude,-0.0025,0.0045,-0.57,0.5689,,0.0002
Normative (Q4),5085,Reverted any (14d),reverted_any,Positive language,r_polite_has_positive,-0.0023,0.0073,-0.32,0.7494,,0.0002
Normative (Q4),5085,Reverted any (14d),reverted_any,Deference,r_polite_deference,-0.0087,0.0067,-1.31,0.1914,,0.0002
Normative (Q4),5085,Reverted any (14d),reverted_any,Has list,r_has_list,0.0053,0.0039,1.35,0.1778,,0.0002
Normative (Q4),5085,Reverted any (14d),reverted_any,Question marks in reply,r_n_question_marks,0.0093,0.0048,1.96,0.0501,,0.0002
Normative (Q4),5085,Reverted any (14d),reverted_any,Q-R semantic similarity,r_qr_cosine_sim,0.0084,0.006,1.4,0.1614,,0.0002
Normative (Q4),5085,2+ active days (14d),cross_day_any_14d,Reply word count,r_words,-0.0045,0.0063,-0.71,0.4767,,0.0012
Normative (Q4),5085,2+ active days (14d),cross_day_any_14d,"""You"" rate (per word)",r_pronoun_you_rate,-0.0051,0.0066,-0.78,0.437,,0.0012
Normative (Q4),5085,2+ active days (14d),cross_day_any_14d,"""I"" rate (per word)",r_pronoun_i_rate,0.0093,0.0063,1.48,0.1391,,0.0012
Normative (Q4),5085,2+ active days (14d),cross_day_any_14d,"""We"" rate (per word)",r_pronoun_we_rate,0.0043,0.0051,0.85,0.3963,,0.0012
Normative (Q4),5085,2+ active days (14d),cross_day_any_14d,VADER compound sentiment,r_vader_compound,0.0049,0.0057,0.87,0.3817,,0.0012
Normative (Q4),5085,2+ active days (14d),cross_day_any_14d,TextBlob subjectivity,r_tb_subjectivity,0.0105,0.0065,1.63,0.1039,,0.0012
Normative (Q4),5085,2+ active days (14d),cross_day_any_14d,Flesch-Kincaid grade,r_flesch_kincaid,0.0012,0.0067,0.18,0.8548,,0.0012
Normative (Q4),5085,2+ active days (14d),cross_day_any_14d,Imperative sentences,r_n_imperatives,0.0018,0.006,0.3,0.7654,,0.0012
Normative (Q4),5085,2+ active days (14d),cross_day_any_14d,Resource links (total),r_n_resources,0.0004,0.03,0.01,0.9899,,0.0012
Normative (Q4),5085,2+ active days (14d),cross_day_any_14d,Wikilinks,r_n_wikilink,-0.0026,0.0124,-0.21,0.8366,,0.0012
Normative (Q4),5085,2+ active days (14d),cross_day_any_14d,Policy references,r_n_policy,-0.0029,0.0259,-0.11,0.9095,,0.0012
Normative (Q4),5085,2+ active days (14d),cross_day_any_14d,Help page references,r_n_help,-0.0038,0.0094,-0.4,0.6876,,0.0012
Normative (Q4),5085,2+ active days (14d),cross_day_any_14d,Reply lag (hours),r_reply_lag_hours,-0.0367,0.0057,-6.43,0.0,***,0.0012
Normative (Q4),5085,2+ active days (14d),cross_day_any_14d,Reply/question word ratio,r_reply_q_word_ratio,0.028,0.0122,2.3,0.0214,*,0.0012
Normative (Q4),5085,2+ active days (14d),cross_day_any_14d,Has greeting,r_has_greeting,-0.0037,0.0054,-0.69,0.4887,,0.0012
Normative (Q4),5085,2+ active days (14d),cross_day_any_14d,Gratitude expression,r_polite_gratitude,0.0043,0.0049,0.88,0.379,,0.0012
Normative (Q4),5085,2+ active days (14d),cross_day_any_14d,Positive language,r_polite_has_positive,-0.0088,0.0081,-1.09,0.2776,,0.0012
Normative (Q4),5085,2+ active days (14d),cross_day_any_14d,Deference,r_polite_deference,0.0061,0.0074,0.82,0.4097,,0.0012
Normative (Q4),5085,2+ active days (14d),cross_day_any_14d,Has list,r_has_list,-0.0012,0.0043,-0.28,0.7795,,0.0012
Normative (Q4),5085,2+ active days (14d),cross_day_any_14d,Question marks in reply,r_n_question_marks,0.0099,0.0053,1.89,0.0588,,0.0012
Normative (Q4),5085,2+ active days (14d),cross_day_any_14d,Q-R semantic similarity,r_qr_cosine_sim,0.0156,0.0066,2.36,0.0185,*,0.0012
Non-substantive,4240,1+ mainspace edit (14d),primary,Reply word count,r_words,-0.0199,0.0111,-1.79,0.074,,0.018
Non-substantive,4240,1+ mainspace edit (14d),primary,"""You"" rate (per word)",r_pronoun_you_rate,-0.0049,0.0037,-1.31,0.1914,,0.018
Non-substantive,4240,1+ mainspace edit (14d),primary,"""I"" rate (per word)",r_pronoun_i_rate,-0.0028,0.003,-0.94,0.3472,,0.018
Non-substantive,4240,1+ mainspace edit (14d),primary,"""We"" rate (per word)",r_pronoun_we_rate,-0.0059,0.0033,-1.82,0.0688,,0.018
Non-substantive,4240,1+ mainspace edit (14d),primary,VADER compound sentiment,r_vader_compound,0.0095,0.0057,1.68,0.0934,,0.018
Non-substantive,4240,1+ mainspace edit (14d),primary,TextBlob subjectivity,r_tb_subjectivity,0.0016,0.0037,0.44,0.6609,,0.018
Non-substantive,4240,1+ mainspace edit (14d),primary,Flesch-Kincaid grade,r_flesch_kincaid,0.0009,0.0044,0.2,0.8452,,0.018
Non-substantive,4240,1+ mainspace edit (14d),primary,Imperative sentences,r_n_imperatives,-0.0003,0.0063,-0.05,0.9565,,0.018
Non-substantive,4240,1+ mainspace edit (14d),primary,Resource links (total),r_n_resources,-0.096,0.0359,-2.68,0.0075,**,0.018
Non-substantive,4240,1+ mainspace edit (14d),primary,Wikilinks,r_n_wikilink,0.0338,0.0144,2.34,0.0193,*,0.018
Non-substantive,4240,1+ mainspace edit (14d),primary,Policy references,r_n_policy,0.1038,0.0312,3.32,0.0009,***,0.018
Non-substantive,4240,1+ mainspace edit (14d),primary,Help page references,r_n_help,0.0049,0.0118,0.41,0.6802,,0.018
Non-substantive,4240,1+ mainspace edit (14d),primary,Reply lag (hours),r_reply_lag_hours,-0.0202,0.0046,-4.43,0.0,***,0.018
Non-substantive,4240,1+ mainspace edit (14d),primary,Reply/question word ratio,r_reply_q_word_ratio,0.0034,0.0032,1.04,0.2976,,0.018
Non-substantive,4240,1+ mainspace edit (14d),primary,Has greeting,r_has_greeting,-0.005,0.0048,-1.04,0.2973,,0.018
Non-substantive,4240,1+ mainspace edit (14d),primary,Gratitude expression,r_polite_gratitude,0.0017,0.0051,0.33,0.7394,,0.018
Non-substantive,4240,1+ mainspace edit (14d),primary,Positive language,r_polite_has_positive,0.0136,0.0073,1.86,0.0636,,0.018
Non-substantive,4240,1+ mainspace edit (14d),primary,Deference,r_polite_deference,-0.0057,0.0074,-0.76,0.446,,0.018
Non-substantive,4240,1+ mainspace edit (14d),primary,Has list,r_has_list,0.0022,0.0056,0.39,0.6987,,0.018
Non-substantive,4240,1+ mainspace edit (14d),primary,Question marks in reply,r_n_question_marks,0.0052,0.0042,1.25,0.2099,,0.018
Non-substantive,4240,1+ mainspace edit (14d),primary,Q-R semantic similarity,r_qr_cosine_sim,0.0088,0.0052,1.69,0.0916,,0.018
Non-substantive,4240,N mainspace edits (14d),n_mainspace_edits_14d,Reply word count,r_words,-0.1153,0.5129,-0.22,0.8222,,0.0069
Non-substantive,4240,N mainspace edits (14d),n_mainspace_edits_14d,"""You"" rate (per word)",r_pronoun_you_rate,-0.005,0.1711,-0.03,0.9767,,0.0069
Non-substantive,4240,N mainspace edits (14d),n_mainspace_edits_14d,"""I"" rate (per word)",r_pronoun_i_rate,0.1224,0.1376,0.89,0.3737,,0.0069
Non-substantive,4240,N mainspace edits (14d),n_mainspace_edits_14d,"""We"" rate (per word)",r_pronoun_we_rate,-0.1154,0.1508,-0.77,0.444,,0.0069
Non-substantive,4240,N mainspace edits (14d),n_mainspace_edits_14d,VADER compound sentiment,r_vader_compound,0.3094,0.2593,1.19,0.2327,,0.0069
Non-substantive,4240,N mainspace edits (14d),n_mainspace_edits_14d,TextBlob subjectivity,r_tb_subjectivity,0.1327,0.171,0.78,0.4377,,0.0069
Non-substantive,4240,N mainspace edits (14d),n_mainspace_edits_14d,Flesch-Kincaid grade,r_flesch_kincaid,0.2964,0.2028,1.46,0.1439,,0.0069
Non-substantive,4240,N mainspace edits (14d),n_mainspace_edits_14d,Imperative sentences,r_n_imperatives,-0.793,0.2895,-2.74,0.0062,**,0.0069
Non-substantive,4240,N mainspace edits (14d),n_mainspace_edits_14d,Resource links (total),r_n_resources,-1.5267,1.6561,-0.92,0.3566,,0.0069
Non-substantive,4240,N mainspace edits (14d),n_mainspace_edits_14d,Wikilinks,r_n_wikilink,0.3677,0.6664,0.55,0.5811,,0.0069
Non-substantive,4240,N mainspace edits (14d),n_mainspace_edits_14d,Policy references,r_n_policy,1.2794,1.4426,0.89,0.3752,,0.0069
Non-substantive,4240,N mainspace edits (14d),n_mainspace_edits_14d,Help page references,r_n_help,0.2128,0.543,0.39,0.6951,,0.0069
Non-substantive,4240,N mainspace edits (14d),n_mainspace_edits_14d,Reply lag (hours),r_reply_lag_hours,-0.5429,0.2083,-2.61,0.0091,**,0.0069
Non-substantive,4240,N mainspace edits (14d),n_mainspace_edits_14d,Reply/question word ratio,r_reply_q_word_ratio,-0.0597,0.1492,-0.4,0.6892,,0.0069
Non-substantive,4240,N mainspace edits (14d),n_mainspace_edits_14d,Has greeting,r_has_greeting,0.023,0.2164,0.11,0.9154,,0.0069
Non-substantive,4240,N mainspace edits (14d),n_mainspace_edits_14d,Gratitude expression,r_polite_gratitude,0.4082,0.234,1.74,0.0811,,0.0069
Non-substantive,4240,N mainspace edits (14d),n_mainspace_edits_14d,Positive language,r_polite_has_positive,-0.27,0.333,-0.81,0.4175,,0.0069
Non-substantive,4240,N mainspace edits (14d),n_mainspace_edits_14d,Deference,r_polite_deference,-0.2557,0.3408,-0.75,0.453,,0.0069
Non-substantive,4240,N mainspace edits (14d),n_mainspace_edits_14d,Has list,r_has_list,0.156,0.2576,0.61,0.545,,0.0069
Non-substantive,4240,N mainspace edits (14d),n_mainspace_edits_14d,Question marks in reply,r_n_question_marks,0.1005,0.1913,0.53,0.5992,,0.0069
Non-substantive,4240,N mainspace edits (14d),n_mainspace_edits_14d,Q-R semantic similarity,r_qr_cosine_sim,0.073,0.2415,0.3,0.7625,,0.0069
Non-substantive,4240,Active days (30d),active_days_30d,Reply word count,r_words,-0.1536,0.0786,-1.95,0.0508,,0.0
Non-substantive,4240,Active days (30d),active_days_30d,"""You"" rate (per word)",r_pronoun_you_rate,-0.0454,0.0262,-1.74,0.0827,,0.0
Non-substantive,4240,Active days (30d),active_days_30d,"""I"" rate (per word)",r_pronoun_i_rate,-0.0046,0.0211,-0.22,0.8289,,0.0
Non-substantive,4240,Active days (30d),active_days_30d,"""We"" rate (per word)",r_pronoun_we_rate,-0.0308,0.0231,-1.33,0.1836,,0.0
Non-substantive,4240,Active days (30d),active_days_30d,VADER compound sentiment,r_vader_compound,0.0278,0.0396,0.7,0.4835,,0.0
Non-substantive,4240,Active days (30d),active_days_30d,TextBlob subjectivity,r_tb_subjectivity,0.0182,0.0262,0.7,0.486,,0.0
Non-substantive,4240,Active days (30d),active_days_30d,Flesch-Kincaid grade,r_flesch_kincaid,0.0549,0.031,1.77,0.0771,,0.0
Non-substantive,4240,Active days (30d),active_days_30d,Imperative sentences,r_n_imperatives,-0.0285,0.0444,-0.64,0.5218,,0.0
Non-substantive,4240,Active days (30d),active_days_30d,Resource links (total),r_n_resources,-0.59,0.2546,-2.32,0.0205,*,0.0
Non-substantive,4240,Active days (30d),active_days_30d,Wikilinks,r_n_wikilink,0.1951,0.1024,1.91,0.0568,,0.0
Non-substantive,4240,Active days (30d),active_days_30d,Policy references,r_n_policy,0.5191,0.2218,2.34,0.0192,*,0.0
Non-substantive,4240,Active days (30d),active_days_30d,Help page references,r_n_help,0.0835,0.0834,1.0,0.3169,,0.0
Non-substantive,4240,Active days (30d),active_days_30d,Reply lag (hours),r_reply_lag_hours,-0.1031,0.0316,-3.26,0.0011,**,0.0
Non-substantive,4240,Active days (30d),active_days_30d,Reply/question word ratio,r_reply_q_word_ratio,0.0401,0.0229,1.75,0.0803,,0.0
Non-substantive,4240,Active days (30d),active_days_30d,Has greeting,r_has_greeting,0.0181,0.0326,0.56,0.5781,,0.0
Non-substantive,4240,Active days (30d),active_days_30d,Gratitude expression,r_polite_gratitude,0.0493,0.0356,1.38,0.1666,,0.0
Non-substantive,4240,Active days (30d),active_days_30d,Positive language,r_polite_has_positive,0.0005,0.0504,0.01,0.9915,,0.0
Non-substantive,4240,Active days (30d),active_days_30d,Deference,r_polite_deference,0.0294,0.052,0.56,0.5722,,0.0
Non-substantive,4240,Active days (30d),active_days_30d,Has list,r_has_list,-0.0056,0.0396,-0.14,0.8875,,0.0
Non-substantive,4240,Active days (30d),active_days_30d,Question marks in reply,r_n_question_marks,0.0431,0.0293,1.47,0.1406,,0.0
Non-substantive,4240,Active days (30d),active_days_30d,Q-R semantic similarity,r_qr_cosine_sim,0.0359,0.0371,0.97,0.3322,,0.0
Non-substantive,4240,Unique namespaces (14d),unique_ns,Reply word count,r_words,-0.0569,0.0207,-2.75,0.0059,**,0.0064
Non-substantive,4240,Unique namespaces (14d),unique_ns,"""You"" rate (per word)",r_pronoun_you_rate,-0.003,0.0069,-0.44,0.6589,,0.0064
Non-substantive,4240,Unique namespaces (14d),unique_ns,"""I"" rate (per word)",r_pronoun_i_rate,-0.0055,0.0055,-1.0,0.3194,,0.0064
Non-substantive,4240,Unique namespaces (14d),unique_ns,"""We"" rate (per word)",r_pronoun_we_rate,-0.0095,0.0061,-1.57,0.1175,,0.0064
Non-substantive,4240,Unique namespaces (14d),unique_ns,VADER compound sentiment,r_vader_compound,0.0115,0.0105,1.1,0.2705,,0.0064
Non-substantive,4240,Unique namespaces (14d),unique_ns,TextBlob subjectivity,r_tb_subjectivity,0.005,0.0069,0.72,0.4692,,0.0064
Non-substantive,4240,Unique namespaces (14d),unique_ns,Flesch-Kincaid grade,r_flesch_kincaid,0.0128,0.0082,1.57,0.1162,,0.0064
Non-substantive,4240,Unique namespaces (14d),unique_ns,Imperative sentences,r_n_imperatives,0.0116,0.0117,0.99,0.3199,,0.0064
Non-substantive,4240,Unique namespaces (14d),unique_ns,Resource links (total),r_n_resources,-0.2417,0.0668,-3.62,0.0003,***,0.0064
Non-substantive,4240,Unique namespaces (14d),unique_ns,Wikilinks,r_n_wikilink,0.0843,0.0269,3.14,0.0017,**,0.0064
Non-substantive,4240,Unique namespaces (14d),unique_ns,Policy references,r_n_policy,0.2688,0.0582,4.62,0.0,***,0.0064
Non-substantive,4240,Unique namespaces (14d),unique_ns,Help page references,r_n_help,0.0278,0.0219,1.27,0.2038,,0.0064
Non-substantive,4240,Unique namespaces (14d),unique_ns,Reply lag (hours),r_reply_lag_hours,-0.0346,0.0084,-4.13,0.0,***,0.0064
Non-substantive,4240,Unique namespaces (14d),unique_ns,Reply/question word ratio,r_reply_q_word_ratio,0.0115,0.006,1.91,0.0567,,0.0064
Non-substantive,4240,Unique namespaces (14d),unique_ns,Has greeting,r_has_greeting,-0.0007,0.0087,-0.08,0.9331,,0.0064
Non-substantive,4240,Unique namespaces (14d),unique_ns,Gratitude expression,r_polite_gratitude,0.0038,0.0094,0.4,0.6862,,0.0064
Non-substantive,4240,Unique namespaces (14d),unique_ns,Positive language,r_polite_has_positive,0.0133,0.0134,0.99,0.3207,,0.0064
Non-substantive,4240,Unique namespaces (14d),unique_ns,Deference,r_polite_deference,0.0021,0.0137,0.15,0.8812,,0.0064
Non-substantive,4240,Unique namespaces (14d),unique_ns,Has list,r_has_list,-0.0008,0.0104,-0.08,0.9348,,0.0064
Non-substantive,4240,Unique namespaces (14d),unique_ns,Question marks in reply,r_n_question_marks,0.0184,0.0077,2.38,0.0172,*,0.0064
Non-substantive,4240,Unique namespaces (14d),unique_ns,Q-R semantic similarity,r_qr_cosine_sim,0.0152,0.0097,1.56,0.1197,,0.0064
Non-substantive,4240,Reverted any (14d),reverted_any,Reply word count,r_words,-0.0134,0.0098,-1.36,0.1724,,0.007
Non-substantive,4240,Reverted any (14d),reverted_any,"""You"" rate (per word)",r_pronoun_you_rate,-0.0051,0.0033,-1.55,0.1208,,0.007
Non-substantive,4240,Reverted any (14d),reverted_any,"""I"" rate (per word)",r_pronoun_i_rate,-0.003,0.0026,-1.15,0.2491,,0.007
Non-substantive,4240,Reverted any (14d),reverted_any,"""We"" rate (per word)",r_pronoun_we_rate,-0.0025,0.0029,-0.85,0.3942,,0.007
Non-substantive,4240,Reverted any (14d),reverted_any,VADER compound sentiment,r_vader_compound,0.0028,0.005,0.56,0.5751,,0.007
Non-substantive,4240,Reverted any (14d),reverted_any,TextBlob subjectivity,r_tb_subjectivity,0.0001,0.0033,0.04,0.9675,,0.007
Non-substantive,4240,Reverted any (14d),reverted_any,Flesch-Kincaid grade,r_flesch_kincaid,-0.0013,0.0039,-0.35,0.7292,,0.007
Non-substantive,4240,Reverted any (14d),reverted_any,Imperative sentences,r_n_imperatives,0.0009,0.0055,0.17,0.864,,0.007
Non-substantive,4240,Reverted any (14d),reverted_any,Resource links (total),r_n_resources,-0.0752,0.0317,-2.37,0.0176,*,0.007
Non-substantive,4240,Reverted any (14d),reverted_any,Wikilinks,r_n_wikilink,0.0232,0.0128,1.82,0.0693,,0.007
Non-substantive,4240,Reverted any (14d),reverted_any,Policy references,r_n_policy,0.0813,0.0276,2.95,0.0032,**,0.007
Non-substantive,4240,Reverted any (14d),reverted_any,Help page references,r_n_help,0.0051,0.0104,0.49,0.6257,,0.007
Non-substantive,4240,Reverted any (14d),reverted_any,Reply lag (hours),r_reply_lag_hours,-0.015,0.004,-3.77,0.0002,***,0.007
Non-substantive,4240,Reverted any (14d),reverted_any,Reply/question word ratio,r_reply_q_word_ratio,0.0034,0.0029,1.18,0.2361,,0.007
Non-substantive,4240,Reverted any (14d),reverted_any,Has greeting,r_has_greeting,-0.0005,0.0041,-0.12,0.9012,,0.007
Non-substantive,4240,Reverted any (14d),reverted_any,Gratitude expression,r_polite_gratitude,0.0013,0.0045,0.29,0.7745,,0.007
Non-substantive,4240,Reverted any (14d),reverted_any,Positive language,r_polite_has_positive,0.0133,0.0064,2.08,0.0376,*,0.007
Non-substantive,4240,Reverted any (14d),reverted_any,Deference,r_polite_deference,-0.0021,0.0065,-0.31,0.7528,,0.007
Non-substantive,4240,Reverted any (14d),reverted_any,Has list,r_has_list,-0.0005,0.0049,-0.1,0.9221,,0.007
Non-substantive,4240,Reverted any (14d),reverted_any,Question marks in reply,r_n_question_marks,0.0056,0.0037,1.53,0.126,,0.007
Non-substantive,4240,Reverted any (14d),reverted_any,Q-R semantic similarity,r_qr_cosine_sim,0.0048,0.0046,1.03,0.3008,,0.007
Non-substantive,4240,2+ active days (14d),cross_day_any_14d,Reply word count,r_words,-0.0083,0.0082,-1.01,0.3104,,0.0
Non-substantive,4240,2+ active days (14d),cross_day_any_14d,"""You"" rate (per word)",r_pronoun_you_rate,-0.0052,0.0027,-1.9,0.0573,,0.0
Non-substantive,4240,2+ active days (14d),cross_day_any_14d,"""I"" rate (per word)",r_pronoun_i_rate,0.0016,0.0022,0.72,0.4721,,0.0
Non-substantive,4240,2+ active days (14d),cross_day_any_14d,"""We"" rate (per word)",r_pronoun_we_rate,-0.0012,0.0024,-0.5,0.6172,,0.0
Non-substantive,4240,2+ active days (14d),cross_day_any_14d,VADER compound sentiment,r_vader_compound,0.0046,0.0041,1.13,0.2593,,0.0
Non-substantive,4240,2+ active days (14d),cross_day_any_14d,TextBlob subjectivity,r_tb_subjectivity,0.0017,0.0027,0.62,0.5357,,0.0
Non-substantive,4240,2+ active days (14d),cross_day_any_14d,Flesch-Kincaid grade,r_flesch_kincaid,0.0023,0.0032,0.71,0.4797,,0.0
Non-substantive,4240,2+ active days (14d),cross_day_any_14d,Imperative sentences,r_n_imperatives,-0.0065,0.0046,-1.41,0.1576,,0.0
Non-substantive,4240,2+ active days (14d),cross_day_any_14d,Resource links (total),r_n_resources,-0.051,0.0265,-1.92,0.0542,,0.0
Non-substantive,4240,2+ active days (14d),cross_day_any_14d,Wikilinks,r_n_wikilink,0.0188,0.0107,1.76,0.0779,,0.0
Non-substantive,4240,2+ active days (14d),cross_day_any_14d,Policy references,r_n_policy,0.0476,0.0231,2.06,0.0391,*,0.0
Non-substantive,4240,2+ active days (14d),cross_day_any_14d,Help page references,r_n_help,-0.0023,0.0087,-0.27,0.7879,,0.0
Non-substantive,4240,2+ active days (14d),cross_day_any_14d,Reply lag (hours),r_reply_lag_hours,-0.0112,0.0033,-3.41,0.0007,***,0.0
Non-substantive,4240,2+ active days (14d),cross_day_any_14d,Reply/question word ratio,r_reply_q_word_ratio,0.003,0.0024,1.24,0.2144,,0.0
Non-substantive,4240,2+ active days (14d),cross_day_any_14d,Has greeting,r_has_greeting,-0.0017,0.0034,-0.49,0.6264,,0.0
Non-substantive,4240,2+ active days (14d),cross_day_any_14d,Gratitude expression,r_polite_gratitude,0.0005,0.0037,0.13,0.8955,,0.0
Non-substantive,4240,2+ active days (14d),cross_day_any_14d,Positive language,r_polite_has_positive,0.0041,0.0053,0.77,0.4392,,0.0
Non-substantive,4240,2+ active days (14d),cross_day_any_14d,Deference,r_polite_deference,0.0044,0.0054,0.82,0.4106,,0.0
Non-substantive,4240,2+ active days (14d),cross_day_any_14d,Has list,r_has_list,0.0009,0.0041,0.21,0.8298,,0.0
Non-substantive,4240,2+ active days (14d),cross_day_any_14d,Question marks in reply,r_n_question_marks,0.0015,0.003,0.48,0.6281,,0.0
Non-substantive,4240,2+ active days (14d),cross_day_any_14d,Q-R semantic similarity,r_qr_cosine_sim,0.005,0.0039,1.31,0.1909,,0.0
Own work (Q5=Y),6296,1+ mainspace edit (14d),primary,Reply word count,r_words,-0.0048,0.0073,-0.66,0.5075,,0.0014
Own work (Q5=Y),6296,1+ mainspace edit (14d),primary,"""You"" rate (per word)",r_pronoun_you_rate,-0.0091,0.006,-1.51,0.1317,,0.0014
Own work (Q5=Y),6296,1+ mainspace edit (14d),primary,"""I"" rate (per word)",r_pronoun_i_rate,0.0009,0.0062,0.15,0.8785,,0.0014
Own work (Q5=Y),6296,1+ mainspace edit (14d),primary,"""We"" rate (per word)",r_pronoun_we_rate,-0.0091,0.0061,-1.49,0.1354,,0.0014
Own work (Q5=Y),6296,1+ mainspace edit (14d),primary,VADER compound sentiment,r_vader_compound,0.0056,0.0059,0.95,0.3431,,0.0014
Own work (Q5=Y),6296,1+ mainspace edit (14d),primary,TextBlob subjectivity,r_tb_subjectivity,0.0107,0.006,1.79,0.0741,,0.0014
Own work (Q5=Y),6296,1+ mainspace edit (14d),primary,Flesch-Kincaid grade,r_flesch_kincaid,-0.0105,0.0066,-1.59,0.1128,,0.0014
Own work (Q5=Y),6296,1+ mainspace edit (14d),primary,Imperative sentences,r_n_imperatives,0.0032,0.0056,0.57,0.568,,0.0014
Own work (Q5=Y),6296,1+ mainspace edit (14d),primary,Resource links (total),r_n_resources,-0.025,0.0289,-0.87,0.3864,,0.0014
Own work (Q5=Y),6296,1+ mainspace edit (14d),primary,Wikilinks,r_n_wikilink,0.0123,0.0118,1.04,0.2961,,0.0014
Own work (Q5=Y),6296,1+ mainspace edit (14d),primary,Policy references,r_n_policy,0.0151,0.0253,0.6,0.5497,,0.0014
Own work (Q5=Y),6296,1+ mainspace edit (14d),primary,Help page references,r_n_help,0.0072,0.009,0.8,0.4251,,0.0014
Own work (Q5=Y),6296,1+ mainspace edit (14d),primary,Reply lag (hours),r_reply_lag_hours,-0.041,0.0052,-7.9,0.0,***,0.0014
Own work (Q5=Y),6296,1+ mainspace edit (14d),primary,Reply/question word ratio,r_reply_q_word_ratio,-0.0052,0.0133,-0.39,0.6977,,0.0014
Own work (Q5=Y),6296,1+ mainspace edit (14d),primary,Has greeting,r_has_greeting,0.0017,0.0054,0.31,0.757,,0.0014
Own work (Q5=Y),6296,1+ mainspace edit (14d),primary,Gratitude expression,r_polite_gratitude,0.0007,0.0049,0.15,0.8819,,0.0014
Own work (Q5=Y),6296,1+ mainspace edit (14d),primary,Positive language,r_polite_has_positive,0.012,0.0081,1.49,0.1366,,0.0014
Own work (Q5=Y),6296,1+ mainspace edit (14d),primary,Deference,r_polite_deference,0.0005,0.0074,0.07,0.9423,,0.0014
Own work (Q5=Y),6296,1+ mainspace edit (14d),primary,Has list,r_has_list,-0.0051,0.0046,-1.12,0.2622,,0.0014
Own work (Q5=Y),6296,1+ mainspace edit (14d),primary,Question marks in reply,r_n_question_marks,0.0139,0.0054,2.58,0.0098,**,0.0014
Own work (Q5=Y),6296,1+ mainspace edit (14d),primary,Q-R semantic similarity,r_qr_cosine_sim,0.0134,0.0068,1.99,0.047,*,0.0014
Own work (Q5=Y),6296,N mainspace edits (14d),n_mainspace_edits_14d,Reply word count,r_words,0.1712,0.6299,0.27,0.7858,,0.0
Own work (Q5=Y),6296,N mainspace edits (14d),n_mainspace_edits_14d,"""You"" rate (per word)",r_pronoun_you_rate,0.0772,0.5189,0.15,0.8818,,0.0
Own work (Q5=Y),6296,N mainspace edits (14d),n_mainspace_edits_14d,"""I"" rate (per word)",r_pronoun_i_rate,0.3716,0.5334,0.7,0.486,,0.0
Own work (Q5=Y),6296,N mainspace edits (14d),n_mainspace_edits_14d,"""We"" rate (per word)",r_pronoun_we_rate,0.0012,0.5251,0.0,0.9982,,0.0
Own work (Q5=Y),6296,N mainspace edits (14d),n_mainspace_edits_14d,VADER compound sentiment,r_vader_compound,0.2754,0.5129,0.54,0.5913,,0.0
Own work (Q5=Y),6296,N mainspace edits (14d),n_mainspace_edits_14d,TextBlob subjectivity,r_tb_subjectivity,-0.2577,0.5196,-0.5,0.6199,,0.0
Own work (Q5=Y),6296,N mainspace edits (14d),n_mainspace_edits_14d,Flesch-Kincaid grade,r_flesch_kincaid,0.528,0.5715,0.92,0.3556,,0.0
Own work (Q5=Y),6296,N mainspace edits (14d),n_mainspace_edits_14d,Imperative sentences,r_n_imperatives,0.2001,0.4805,0.42,0.6771,,0.0
Own work (Q5=Y),6296,N mainspace edits (14d),n_mainspace_edits_14d,Resource links (total),r_n_resources,-4.2892,2.4912,-1.72,0.0851,,0.0
Own work (Q5=Y),6296,N mainspace edits (14d),n_mainspace_edits_14d,Wikilinks,r_n_wikilink,0.8538,1.0181,0.84,0.4017,,0.0
Own work (Q5=Y),6296,N mainspace edits (14d),n_mainspace_edits_14d,Policy references,r_n_policy,3.1951,2.179,1.47,0.1426,,0.0
Own work (Q5=Y),6296,N mainspace edits (14d),n_mainspace_edits_14d,Help page references,r_n_help,0.5552,0.7766,0.71,0.4747,,0.0
Own work (Q5=Y),6296,N mainspace edits (14d),n_mainspace_edits_14d,Reply lag (hours),r_reply_lag_hours,-0.5058,0.4474,-1.13,0.2583,,0.0
Own work (Q5=Y),6296,N mainspace edits (14d),n_mainspace_edits_14d,Reply/question word ratio,r_reply_q_word_ratio,-0.233,1.1455,-0.2,0.8388,,0.0
Own work (Q5=Y),6296,N mainspace edits (14d),n_mainspace_edits_14d,Has greeting,r_has_greeting,-0.2697,0.4637,-0.58,0.5608,,0.0
Own work (Q5=Y),6296,N mainspace edits (14d),n_mainspace_edits_14d,Gratitude expression,r_polite_gratitude,0.8301,0.4213,1.97,0.0488,*,0.0
Own work (Q5=Y),6296,N mainspace edits (14d),n_mainspace_edits_14d,Positive language,r_polite_has_positive,-0.4839,0.6952,-0.7,0.4864,,0.0
Own work (Q5=Y),6296,N mainspace edits (14d),n_mainspace_edits_14d,Deference,r_polite_deference,0.7436,0.6385,1.16,0.2442,,0.0
Own work (Q5=Y),6296,N mainspace edits (14d),n_mainspace_edits_14d,Has list,r_has_list,-0.0123,0.3962,-0.03,0.9753,,0.0
Own work (Q5=Y),6296,N mainspace edits (14d),n_mainspace_edits_14d,Question marks in reply,r_n_question_marks,1.2677,0.4636,2.73,0.0062,**,0.0
Own work (Q5=Y),6296,N mainspace edits (14d),n_mainspace_edits_14d,Q-R semantic similarity,r_qr_cosine_sim,0.8226,0.5822,1.41,0.1577,,0.0
Own work (Q5=Y),6296,Active days (30d),active_days_30d,Reply word count,r_words,-0.0188,0.0634,-0.3,0.7671,,0.0025
Own work (Q5=Y),6296,Active days (30d),active_days_30d,"""You"" rate (per word)",r_pronoun_you_rate,-0.0443,0.0521,-0.85,0.3956,,0.0025
Own work (Q5=Y),6296,Active days (30d),active_days_30d,"""I"" rate (per word)",r_pronoun_i_rate,0.0352,0.0537,0.66,0.5121,,0.0025
Own work (Q5=Y),6296,Active days (30d),active_days_30d,"""We"" rate (per word)",r_pronoun_we_rate,-0.0667,0.0527,-1.27,0.2057,,0.0025
Own work (Q5=Y),6296,Active days (30d),active_days_30d,VADER compound sentiment,r_vader_compound,0.0522,0.0515,1.01,0.3107,,0.0025
Own work (Q5=Y),6296,Active days (30d),active_days_30d,TextBlob subjectivity,r_tb_subjectivity,0.1291,0.0522,2.48,0.0133,*,0.0025
Own work (Q5=Y),6296,Active days (30d),active_days_30d,Flesch-Kincaid grade,r_flesch_kincaid,0.0037,0.0576,0.06,0.9494,,0.0025
Own work (Q5=Y),6296,Active days (30d),active_days_30d,Imperative sentences,r_n_imperatives,-0.0041,0.0483,-0.08,0.9323,,0.0025
Own work (Q5=Y),6296,Active days (30d),active_days_30d,Resource links (total),r_n_resources,-0.5344,0.2501,-2.14,0.0326,*,0.0025
Own work (Q5=Y),6296,Active days (30d),active_days_30d,Wikilinks,r_n_wikilink,0.2316,0.1024,2.26,0.0238,*,0.0025
Own work (Q5=Y),6296,Active days (30d),active_days_30d,Policy references,r_n_policy,0.36,0.2188,1.65,0.0998,,0.0025
Own work (Q5=Y),6296,Active days (30d),active_days_30d,Help page references,r_n_help,0.1404,0.078,1.8,0.072,,0.0025
Own work (Q5=Y),6296,Active days (30d),active_days_30d,Reply lag (hours),r_reply_lag_hours,-0.2003,0.0452,-4.43,0.0,***,0.0025
Own work (Q5=Y),6296,Active days (30d),active_days_30d,Reply/question word ratio,r_reply_q_word_ratio,-0.0039,0.1149,-0.03,0.9733,,0.0025
Own work (Q5=Y),6296,Active days (30d),active_days_30d,Has greeting,r_has_greeting,0.0021,0.0471,0.04,0.9647,,0.0025
Own work (Q5=Y),6296,Active days (30d),active_days_30d,Gratitude expression,r_polite_gratitude,0.0442,0.0425,1.04,0.2989,,0.0025
Own work (Q5=Y),6296,Active days (30d),active_days_30d,Positive language,r_polite_has_positive,-0.0054,0.0703,-0.08,0.9388,,0.0025
Own work (Q5=Y),6296,Active days (30d),active_days_30d,Deference,r_polite_deference,0.0117,0.0644,0.18,0.8553,,0.0025
Own work (Q5=Y),6296,Active days (30d),active_days_30d,Has list,r_has_list,-0.0208,0.0397,-0.52,0.6008,,0.0025
Own work (Q5=Y),6296,Active days (30d),active_days_30d,Question marks in reply,r_n_question_marks,0.183,0.0465,3.93,0.0001,***,0.0025
Own work (Q5=Y),6296,Active days (30d),active_days_30d,Q-R semantic similarity,r_qr_cosine_sim,0.1748,0.0584,2.99,0.0028,**,0.0025
Own work (Q5=Y),6296,Unique namespaces (14d),unique_ns,Reply word count,r_words,-0.0233,0.0144,-1.62,0.1048,,0.0022
Own work (Q5=Y),6296,Unique namespaces (14d),unique_ns,"""You"" rate (per word)",r_pronoun_you_rate,0.0018,0.0118,0.16,0.8765,,0.0022
Own work (Q5=Y),6296,Unique namespaces (14d),unique_ns,"""I"" rate (per word)",r_pronoun_i_rate,0.0221,0.0122,1.81,0.0697,,0.0022
Own work (Q5=Y),6296,Unique namespaces (14d),unique_ns,"""We"" rate (per word)",r_pronoun_we_rate,-0.0187,0.012,-1.57,0.1175,,0.0022
Own work (Q5=Y),6296,Unique namespaces (14d),unique_ns,VADER compound sentiment,r_vader_compound,0.0033,0.0117,0.28,0.7785,,0.0022
Own work (Q5=Y),6296,Unique namespaces (14d),unique_ns,TextBlob subjectivity,r_tb_subjectivity,0.0234,0.0118,1.97,0.0484,*,0.0022
Own work (Q5=Y),6296,Unique namespaces (14d),unique_ns,Flesch-Kincaid grade,r_flesch_kincaid,0.0244,0.0131,1.87,0.0617,,0.0022
Own work (Q5=Y),6296,Unique namespaces (14d),unique_ns,Imperative sentences,r_n_imperatives,0.0121,0.011,1.1,0.27,,0.0022
Own work (Q5=Y),6296,Unique namespaces (14d),unique_ns,Resource links (total),r_n_resources,-0.0833,0.0567,-1.47,0.1423,,0.0022
Own work (Q5=Y),6296,Unique namespaces (14d),unique_ns,Wikilinks,r_n_wikilink,0.0407,0.0232,1.75,0.0796,,0.0022
Own work (Q5=Y),6296,Unique namespaces (14d),unique_ns,Policy references,r_n_policy,0.0587,0.0497,1.18,0.2368,,0.0022
Own work (Q5=Y),6296,Unique namespaces (14d),unique_ns,Help page references,r_n_help,0.0182,0.0177,1.03,0.3023,,0.0022
Own work (Q5=Y),6296,Unique namespaces (14d),unique_ns,Reply lag (hours),r_reply_lag_hours,-0.0824,0.0102,-8.04,0.0,***,0.0022
Own work (Q5=Y),6296,Unique namespaces (14d),unique_ns,Reply/question word ratio,r_reply_q_word_ratio,-0.0143,0.0261,-0.55,0.5836,,0.0022
Own work (Q5=Y),6296,Unique namespaces (14d),unique_ns,Has greeting,r_has_greeting,-0.0039,0.0107,-0.36,0.7162,,0.0022
Own work (Q5=Y),6296,Unique namespaces (14d),unique_ns,Gratitude expression,r_polite_gratitude,0.0074,0.0096,0.77,0.4403,,0.0022
Own work (Q5=Y),6296,Unique namespaces (14d),unique_ns,Positive language,r_polite_has_positive,0.0218,0.0159,1.37,0.1712,,0.0022
Own work (Q5=Y),6296,Unique namespaces (14d),unique_ns,Deference,r_polite_deference,0.0016,0.0146,0.11,0.915,,0.0022
Own work (Q5=Y),6296,Unique namespaces (14d),unique_ns,Has list,r_has_list,0.0036,0.009,0.4,0.686,,0.0022
Own work (Q5=Y),6296,Unique namespaces (14d),unique_ns,Question marks in reply,r_n_question_marks,0.0274,0.0106,2.6,0.0094,**,0.0022
Own work (Q5=Y),6296,Unique namespaces (14d),unique_ns,Q-R semantic similarity,r_qr_cosine_sim,0.0211,0.0133,1.59,0.1119,,0.0022
Own work (Q5=Y),6296,Reverted any (14d),reverted_any,Reply word count,r_words,-0.0112,0.0056,-1.99,0.0463,*,0.0001
Own work (Q5=Y),6296,Reverted any (14d),reverted_any,"""You"" rate (per word)",r_pronoun_you_rate,0.0015,0.0046,0.33,0.7377,,0.0001
Own work (Q5=Y),6296,Reverted any (14d),reverted_any,"""I"" rate (per word)",r_pronoun_i_rate,-0.0007,0.0047,-0.15,0.8838,,0.0001
Own work (Q5=Y),6296,Reverted any (14d),reverted_any,"""We"" rate (per word)",r_pronoun_we_rate,0.0002,0.0047,0.05,0.9616,,0.0001
Own work (Q5=Y),6296,Reverted any (14d),reverted_any,VADER compound sentiment,r_vader_compound,0.0001,0.0046,0.02,0.9843,,0.0001
Own work (Q5=Y),6296,Reverted any (14d),reverted_any,TextBlob subjectivity,r_tb_subjectivity,0.0112,0.0046,2.43,0.0151,*,0.0001
Own work (Q5=Y),6296,Reverted any (14d),reverted_any,Flesch-Kincaid grade,r_flesch_kincaid,-0.0052,0.0051,-1.03,0.3014,,0.0001
Own work (Q5=Y),6296,Reverted any (14d),reverted_any,Imperative sentences,r_n_imperatives,-0.0023,0.0043,-0.53,0.597,,0.0001
Own work (Q5=Y),6296,Reverted any (14d),reverted_any,Resource links (total),r_n_resources,-0.0294,0.0221,-1.33,0.1847,,0.0001
Own work (Q5=Y),6296,Reverted any (14d),reverted_any,Wikilinks,r_n_wikilink,0.0151,0.0091,1.67,0.0949,,0.0001
Own work (Q5=Y),6296,Reverted any (14d),reverted_any,Policy references,r_n_policy,0.0311,0.0194,1.6,0.1087,,0.0001
Own work (Q5=Y),6296,Reverted any (14d),reverted_any,Help page references,r_n_help,0.0129,0.0069,1.86,0.0626,,0.0001
Own work (Q5=Y),6296,Reverted any (14d),reverted_any,Reply lag (hours),r_reply_lag_hours,-0.018,0.004,-4.54,0.0,***,0.0001
Own work (Q5=Y),6296,Reverted any (14d),reverted_any,Reply/question word ratio,r_reply_q_word_ratio,0.0067,0.0102,0.66,0.5118,,0.0001
Own work (Q5=Y),6296,Reverted any (14d),reverted_any,Has greeting,r_has_greeting,-0.0022,0.0041,-0.54,0.589,,0.0001
Own work (Q5=Y),6296,Reverted any (14d),reverted_any,Gratitude expression,r_polite_gratitude,0.0025,0.0038,0.67,0.5032,,0.0001
Own work (Q5=Y),6296,Reverted any (14d),reverted_any,Positive language,r_polite_has_positive,-0.0024,0.0062,-0.39,0.6972,,0.0001
Own work (Q5=Y),6296,Reverted any (14d),reverted_any,Deference,r_polite_deference,-0.0009,0.0057,-0.16,0.8764,,0.0001
Own work (Q5=Y),6296,Reverted any (14d),reverted_any,Has list,r_has_list,-0.0004,0.0035,-0.12,0.9052,,0.0001
Own work (Q5=Y),6296,Reverted any (14d),reverted_any,Question marks in reply,r_n_question_marks,0.0129,0.0041,3.12,0.0018,**,0.0001
Own work (Q5=Y),6296,Reverted any (14d),reverted_any,Q-R semantic similarity,r_qr_cosine_sim,0.0068,0.0052,1.32,0.1868,,0.0001
Own work (Q5=Y),6296,2+ active days (14d),cross_day_any_14d,Reply word count,r_words,-0.0049,0.0062,-0.79,0.4303,,0.0029
Own work (Q5=Y),6296,2+ active days (14d),cross_day_any_14d,"""You"" rate (per word)",r_pronoun_you_rate,-0.0091,0.0051,-1.77,0.0766,,0.0029
Own work (Q5=Y),6296,2+ active days (14d),cross_day_any_14d,"""I"" rate (per word)",r_pronoun_i_rate,-0.002,0.0053,-0.39,0.6996,,0.0029
Own work (Q5=Y),6296,2+ active days (14d),cross_day_any_14d,"""We"" rate (per word)",r_pronoun_we_rate,-0.0039,0.0052,-0.75,0.4542,,0.0029
Own work (Q5=Y),6296,2+ active days (14d),cross_day_any_14d,VADER compound sentiment,r_vader_compound,0.006,0.0051,1.18,0.2383,,0.0029
Own work (Q5=Y),6296,2+ active days (14d),cross_day_any_14d,TextBlob subjectivity,r_tb_subjectivity,0.0113,0.0051,2.19,0.0284,*,0.0029
Own work (Q5=Y),6296,2+ active days (14d),cross_day_any_14d,Flesch-Kincaid grade,r_flesch_kincaid,-0.0077,0.0057,-1.35,0.176,,0.0029
Own work (Q5=Y),6296,2+ active days (14d),cross_day_any_14d,Imperative sentences,r_n_imperatives,-0.001,0.0048,-0.22,0.826,,0.0029
Own work (Q5=Y),6296,2+ active days (14d),cross_day_any_14d,Resource links (total),r_n_resources,-0.0191,0.0246,-0.77,0.4389,,0.0029
Own work (Q5=Y),6296,2+ active days (14d),cross_day_any_14d,Wikilinks,r_n_wikilink,0.0114,0.0101,1.13,0.2585,,0.0029
Own work (Q5=Y),6296,2+ active days (14d),cross_day_any_14d,Policy references,r_n_policy,0.0082,0.0215,0.38,0.7019,,0.0029
Own work (Q5=Y),6296,2+ active days (14d),cross_day_any_14d,Help page references,r_n_help,-0.0001,0.0077,-0.01,0.9892,,0.0029
Own work (Q5=Y),6296,2+ active days (14d),cross_day_any_14d,Reply lag (hours),r_reply_lag_hours,-0.0259,0.0045,-5.82,0.0,***,0.0029
Own work (Q5=Y),6296,2+ active days (14d),cross_day_any_14d,Reply/question word ratio,r_reply_q_word_ratio,0.0118,0.0113,1.04,0.2988,,0.0029
Own work (Q5=Y),6296,2+ active days (14d),cross_day_any_14d,Has greeting,r_has_greeting,-0.0033,0.0047,-0.72,0.4746,,0.0029
Own work (Q5=Y),6296,2+ active days (14d),cross_day_any_14d,Gratitude expression,r_polite_gratitude,0.0057,0.0042,1.35,0.1758,,0.0029
Own work (Q5=Y),6296,2+ active days (14d),cross_day_any_14d,Positive language,r_polite_has_positive,-0.0,0.0069,-0.0,0.9971,,0.0029
Own work (Q5=Y),6296,2+ active days (14d),cross_day_any_14d,Deference,r_polite_deference,0.0002,0.0063,0.04,0.9716,,0.0029
Own work (Q5=Y),6296,2+ active days (14d),cross_day_any_14d,Has list,r_has_list,-0.0043,0.0039,-1.11,0.2691,,0.0029
Own work (Q5=Y),6296,2+ active days (14d),cross_day_any_14d,Question marks in reply,r_n_question_marks,0.0136,0.0046,2.97,0.003,**,0.0029
Own work (Q5=Y),6296,2+ active days (14d),cross_day_any_14d,Q-R semantic similarity,r_qr_cosine_sim,0.0157,0.0058,2.72,0.0064,**,0.0029
No own work (Q5=N),19974,1+ mainspace edit (14d),primary,Reply word count,r_words,-0.0035,0.0043,-0.8,0.423,,0.0051
No own work (Q5=N),19974,1+ mainspace edit (14d),primary,"""You"" rate (per word)",r_pronoun_you_rate,-0.0034,0.0025,-1.36,0.1743,,0.0051
No own work (Q5=N),19974,1+ mainspace edit (14d),primary,"""I"" rate (per word)",r_pronoun_i_rate,0.0032,0.0025,1.27,0.2051,,0.0051
No own work (Q5=N),19974,1+ mainspace edit (14d),primary,"""We"" rate (per word)",r_pronoun_we_rate,-0.0056,0.0024,-2.36,0.0183,*,0.0051
No own work (Q5=N),19974,1+ mainspace edit (14d),primary,VADER compound sentiment,r_vader_compound,0.0069,0.0031,2.2,0.0275,*,0.0051
No own work (Q5=N),19974,1+ mainspace edit (14d),primary,TextBlob subjectivity,r_tb_subjectivity,-0.0015,0.0026,-0.59,0.5544,,0.0051
No own work (Q5=N),19974,1+ mainspace edit (14d),primary,Flesch-Kincaid grade,r_flesch_kincaid,0.0042,0.0029,1.47,0.141,,0.0051
No own work (Q5=N),19974,1+ mainspace edit (14d),primary,Imperative sentences,r_n_imperatives,0.0031,0.0026,1.19,0.2343,,0.0051
No own work (Q5=N),19974,1+ mainspace edit (14d),primary,Resource links (total),r_n_resources,0.0156,0.0163,0.95,0.3415,,0.0051
No own work (Q5=N),19974,1+ mainspace edit (14d),primary,Wikilinks,r_n_wikilink,-0.0088,0.0067,-1.32,0.1856,,0.0051
No own work (Q5=N),19974,1+ mainspace edit (14d),primary,Policy references,r_n_policy,-0.017,0.014,-1.22,0.2227,,0.0051
No own work (Q5=N),19974,1+ mainspace edit (14d),primary,Help page references,r_n_help,-0.0054,0.0042,-1.27,0.2058,,0.0051
No own work (Q5=N),19974,1+ mainspace edit (14d),primary,Reply lag (hours),r_reply_lag_hours,-0.0312,0.0026,-12.17,0.0,***,0.0051
No own work (Q5=N),19974,1+ mainspace edit (14d),primary,Reply/question word ratio,r_reply_q_word_ratio,0.0015,0.003,0.5,0.6146,,0.0051
No own work (Q5=N),19974,1+ mainspace edit (14d),primary,Has greeting,r_has_greeting,-0.0002,0.0027,-0.06,0.9494,,0.0051
No own work (Q5=N),19974,1+ mainspace edit (14d),primary,Gratitude expression,r_polite_gratitude,-0.0006,0.0027,-0.22,0.8224,,0.0051
No own work (Q5=N),19974,1+ mainspace edit (14d),primary,Positive language,r_polite_has_positive,0.0051,0.0039,1.32,0.1883,,0.0051
No own work (Q5=N),19974,1+ mainspace edit (14d),primary,Deference,r_polite_deference,-0.0029,0.0037,-0.79,0.4318,,0.0051
No own work (Q5=N),19974,1+ mainspace edit (14d),primary,Has list,r_has_list,0.0033,0.0026,1.26,0.2062,,0.0051
No own work (Q5=N),19974,1+ mainspace edit (14d),primary,Question marks in reply,r_n_question_marks,0.0031,0.0026,1.2,0.23,,0.0051
No own work (Q5=N),19974,1+ mainspace edit (14d),primary,Q-R semantic similarity,r_qr_cosine_sim,0.0168,0.003,5.64,0.0,***,0.0051
No own work (Q5=N),19974,N mainspace edits (14d),n_mainspace_edits_14d,Reply word count,r_words,-0.3337,0.4472,-0.75,0.4555,,0.0006
No own work (Q5=N),19974,N mainspace edits (14d),n_mainspace_edits_14d,"""You"" rate (per word)",r_pronoun_you_rate,-0.1357,0.2601,-0.52,0.6017,,0.0006
No own work (Q5=N),19974,N mainspace edits (14d),n_mainspace_edits_14d,"""I"" rate (per word)",r_pronoun_i_rate,0.1521,0.2572,0.59,0.5544,,0.0006
No own work (Q5=N),19974,N mainspace edits (14d),n_mainspace_edits_14d,"""We"" rate (per word)",r_pronoun_we_rate,0.0622,0.2461,0.25,0.8005,,0.0006
No own work (Q5=N),19974,N mainspace edits (14d),n_mainspace_edits_14d,VADER compound sentiment,r_vader_compound,-0.0616,0.3218,-0.19,0.8481,,0.0006
No own work (Q5=N),19974,N mainspace edits (14d),n_mainspace_edits_14d,TextBlob subjectivity,r_tb_subjectivity,0.4972,0.2657,1.87,0.0613,,0.0006
No own work (Q5=N),19974,N mainspace edits (14d),n_mainspace_edits_14d,Flesch-Kincaid grade,r_flesch_kincaid,-0.1951,0.2939,-0.66,0.5068,,0.0006
No own work (Q5=N),19974,N mainspace edits (14d),n_mainspace_edits_14d,Imperative sentences,r_n_imperatives,-0.1319,0.2693,-0.49,0.6242,,0.0006
No own work (Q5=N),19974,N mainspace edits (14d),n_mainspace_edits_14d,Resource links (total),r_n_resources,6.713,1.7044,3.94,0.0001,***,0.0006
No own work (Q5=N),19974,N mainspace edits (14d),n_mainspace_edits_14d,Wikilinks,r_n_wikilink,-2.745,0.6919,-3.97,0.0001,***,0.0006
No own work (Q5=N),19974,N mainspace edits (14d),n_mainspace_edits_14d,Policy references,r_n_policy,-5.1274,1.4547,-3.52,0.0004,***,0.0006
No own work (Q5=N),19974,N mainspace edits (14d),n_mainspace_edits_14d,Help page references,r_n_help,-1.5967,0.4415,-3.62,0.0003,***,0.0006
No own work (Q5=N),19974,N mainspace edits (14d),n_mainspace_edits_14d,Reply lag (hours),r_reply_lag_hours,-0.6942,0.2592,-2.68,0.0074,**,0.0006
No own work (Q5=N),19974,N mainspace edits (14d),n_mainspace_edits_14d,Reply/question word ratio,r_reply_q_word_ratio,-0.0604,0.316,-0.19,0.8485,,0.0006
No own work (Q5=N),19974,N mainspace edits (14d),n_mainspace_edits_14d,Has greeting,r_has_greeting,-0.0764,0.2688,-0.28,0.7763,,0.0006
No own work (Q5=N),19974,N mainspace edits (14d),n_mainspace_edits_14d,Gratitude expression,r_polite_gratitude,0.4853,0.2802,1.73,0.0833,,0.0006
No own work (Q5=N),19974,N mainspace edits (14d),n_mainspace_edits_14d,Positive language,r_polite_has_positive,-0.3866,0.3906,-0.99,0.3223,,0.0006
No own work (Q5=N),19974,N mainspace edits (14d),n_mainspace_edits_14d,Deference,r_polite_deference,0.0336,0.3735,0.09,0.9283,,0.0006
No own work (Q5=N),19974,N mainspace edits (14d),n_mainspace_edits_14d,Has list,r_has_list,-0.0312,0.2734,-0.11,0.9092,,0.0006
No own work (Q5=N),19974,N mainspace edits (14d),n_mainspace_edits_14d,Question marks in reply,r_n_question_marks,-0.0528,0.2715,-0.19,0.8457,,0.0006
No own work (Q5=N),19974,N mainspace edits (14d),n_mainspace_edits_14d,Q-R semantic similarity,r_qr_cosine_sim,-0.2847,0.3102,-0.92,0.3586,,0.0006
No own work (Q5=N),19974,Active days (30d),active_days_30d,Reply word count,r_words,-0.0196,0.0339,-0.58,0.5628,,0.0003
No own work (Q5=N),19974,Active days (30d),active_days_30d,"""You"" rate (per word)",r_pronoun_you_rate,-0.0141,0.0197,-0.72,0.474,,0.0003
No own work (Q5=N),19974,Active days (30d),active_days_30d,"""I"" rate (per word)",r_pronoun_i_rate,0.0577,0.0195,2.95,0.0031,**,0.0003
No own work (Q5=N),19974,Active days (30d),active_days_30d,"""We"" rate (per word)",r_pronoun_we_rate,0.0065,0.0187,0.35,0.7281,,0.0003
No own work (Q5=N),19974,Active days (30d),active_days_30d,VADER compound sentiment,r_vader_compound,0.0341,0.0245,1.4,0.1627,,0.0003
No own work (Q5=N),19974,Active days (30d),active_days_30d,TextBlob subjectivity,r_tb_subjectivity,-0.0125,0.0201,-0.62,0.5337,,0.0003
No own work (Q5=N),19974,Active days (30d),active_days_30d,Flesch-Kincaid grade,r_flesch_kincaid,0.0277,0.0223,1.25,0.2131,,0.0003
No own work (Q5=N),19974,Active days (30d),active_days_30d,Imperative sentences,r_n_imperatives,-0.0086,0.0204,-0.42,0.6733,,0.0003
No own work (Q5=N),19974,Active days (30d),active_days_30d,Resource links (total),r_n_resources,-0.0883,0.1293,-0.68,0.4945,,0.0003
No own work (Q5=N),19974,Active days (30d),active_days_30d,Wikilinks,r_n_wikilink,-0.0203,0.0525,-0.39,0.6992,,0.0003
No own work (Q5=N),19974,Active days (30d),active_days_30d,Policy references,r_n_policy,0.0587,0.1103,0.53,0.5949,,0.0003
No own work (Q5=N),19974,Active days (30d),active_days_30d,Help page references,r_n_help,0.0168,0.0335,0.5,0.6161,,0.0003
No own work (Q5=N),19974,Active days (30d),active_days_30d,Reply lag (hours),r_reply_lag_hours,-0.1544,0.0197,-7.86,0.0,***,0.0003
No own work (Q5=N),19974,Active days (30d),active_days_30d,Reply/question word ratio,r_reply_q_word_ratio,0.0086,0.024,0.36,0.719,,0.0003
No own work (Q5=N),19974,Active days (30d),active_days_30d,Has greeting,r_has_greeting,0.0067,0.0203,0.33,0.7422,,0.0003
No own work (Q5=N),19974,Active days (30d),active_days_30d,Gratitude expression,r_polite_gratitude,0.0402,0.0212,1.9,0.0579,,0.0003
No own work (Q5=N),19974,Active days (30d),active_days_30d,Positive language,r_polite_has_positive,-0.0004,0.0296,-0.01,0.9887,,0.0003
No own work (Q5=N),19974,Active days (30d),active_days_30d,Deference,r_polite_deference,0.0078,0.0283,0.27,0.7838,,0.0003
No own work (Q5=N),19974,Active days (30d),active_days_30d,Has list,r_has_list,0.0162,0.0207,0.78,0.4345,,0.0003
No own work (Q5=N),19974,Active days (30d),active_days_30d,Question marks in reply,r_n_question_marks,0.0358,0.0206,1.74,0.0817,,0.0003
No own work (Q5=N),19974,Active days (30d),active_days_30d,Q-R semantic similarity,r_qr_cosine_sim,0.0693,0.0235,2.94,0.0032,**,0.0003
No own work (Q5=N),19974,Unique namespaces (14d),unique_ns,Reply word count,r_words,-0.0028,0.0078,-0.36,0.7178,,0.0017
No own work (Q5=N),19974,Unique namespaces (14d),unique_ns,"""You"" rate (per word)",r_pronoun_you_rate,0.001,0.0045,0.22,0.8271,,0.0017
No own work (Q5=N),19974,Unique namespaces (14d),unique_ns,"""I"" rate (per word)",r_pronoun_i_rate,0.0122,0.0045,2.72,0.0065,**,0.0017
No own work (Q5=N),19974,Unique namespaces (14d),unique_ns,"""We"" rate (per word)",r_pronoun_we_rate,-0.0064,0.0043,-1.5,0.1331,,0.0017
No own work (Q5=N),19974,Unique namespaces (14d),unique_ns,VADER compound sentiment,r_vader_compound,0.0097,0.0056,1.72,0.0848,,0.0017
No own work (Q5=N),19974,Unique namespaces (14d),unique_ns,TextBlob subjectivity,r_tb_subjectivity,-0.0005,0.0046,-0.11,0.9104,,0.0017
No own work (Q5=N),19974,Unique namespaces (14d),unique_ns,Flesch-Kincaid grade,r_flesch_kincaid,0.0035,0.0051,0.69,0.4911,,0.0017
No own work (Q5=N),19974,Unique namespaces (14d),unique_ns,Imperative sentences,r_n_imperatives,-0.0009,0.0047,-0.19,0.8488,,0.0017
No own work (Q5=N),19974,Unique namespaces (14d),unique_ns,Resource links (total),r_n_resources,0.0228,0.0296,0.77,0.4401,,0.0017
No own work (Q5=N),19974,Unique namespaces (14d),unique_ns,Wikilinks,r_n_wikilink,-0.0193,0.012,-1.6,0.1087,,0.0017
No own work (Q5=N),19974,Unique namespaces (14d),unique_ns,Policy references,r_n_policy,-0.0206,0.0252,-0.82,0.4141,,0.0017
No own work (Q5=N),19974,Unique namespaces (14d),unique_ns,Help page references,r_n_help,-0.0111,0.0077,-1.44,0.1487,,0.0017
No own work (Q5=N),19974,Unique namespaces (14d),unique_ns,Reply lag (hours),r_reply_lag_hours,-0.0564,0.0046,-12.38,0.0,***,0.0017
No own work (Q5=N),19974,Unique namespaces (14d),unique_ns,Reply/question word ratio,r_reply_q_word_ratio,0.0032,0.0055,0.58,0.5622,,0.0017
No own work (Q5=N),19974,Unique namespaces (14d),unique_ns,Has greeting,r_has_greeting,-0.0024,0.0047,-0.51,0.6072,,0.0017
No own work (Q5=N),19974,Unique namespaces (14d),unique_ns,Gratitude expression,r_polite_gratitude,0.0031,0.0049,0.63,0.5263,,0.0017
No own work (Q5=N),19974,Unique namespaces (14d),unique_ns,Positive language,r_polite_has_positive,0.0115,0.0068,1.68,0.0924,,0.0017
No own work (Q5=N),19974,Unique namespaces (14d),unique_ns,Deference,r_polite_deference,-0.0041,0.0065,-0.63,0.5287,,0.0017
No own work (Q5=N),19974,Unique namespaces (14d),unique_ns,Has list,r_has_list,0.0047,0.0047,1.0,0.3197,,0.0017
No own work (Q5=N),19974,Unique namespaces (14d),unique_ns,Question marks in reply,r_n_question_marks,0.0057,0.0047,1.2,0.2286,,0.0017
No own work (Q5=N),19974,Unique namespaces (14d),unique_ns,Q-R semantic similarity,r_qr_cosine_sim,0.022,0.0054,4.08,0.0,***,0.0017
No own work (Q5=N),19974,Reverted any (14d),reverted_any,Reply word count,r_words,-0.0055,0.0035,-1.58,0.1135,,0.0009
No own work (Q5=N),19974,Reverted any (14d),reverted_any,"""You"" rate (per word)",r_pronoun_you_rate,-0.0011,0.002,-0.52,0.6038,,0.0009
No own work (Q5=N),19974,Reverted any (14d),reverted_any,"""I"" rate (per word)",r_pronoun_i_rate,0.0012,0.002,0.6,0.5462,,0.0009
No own work (Q5=N),19974,Reverted any (14d),reverted_any,"""We"" rate (per word)",r_pronoun_we_rate,-0.004,0.0019,-2.07,0.0386,*,0.0009
No own work (Q5=N),19974,Reverted any (14d),reverted_any,VADER compound sentiment,r_vader_compound,0.0011,0.0025,0.42,0.672,,0.0009
No own work (Q5=N),19974,Reverted any (14d),reverted_any,TextBlob subjectivity,r_tb_subjectivity,0.0005,0.0021,0.25,0.8051,,0.0009
No own work (Q5=N),19974,Reverted any (14d),reverted_any,Flesch-Kincaid grade,r_flesch_kincaid,0.0004,0.0023,0.19,0.8492,,0.0009
No own work (Q5=N),19974,Reverted any (14d),reverted_any,Imperative sentences,r_n_imperatives,-0.0004,0.0021,-0.17,0.8652,,0.0009
No own work (Q5=N),19974,Reverted any (14d),reverted_any,Resource links (total),r_n_resources,0.0074,0.0133,0.55,0.5802,,0.0009
No own work (Q5=N),19974,Reverted any (14d),reverted_any,Wikilinks,r_n_wikilink,-0.0059,0.0054,-1.09,0.2757,,0.0009
No own work (Q5=N),19974,Reverted any (14d),reverted_any,Policy references,r_n_policy,-0.0015,0.0114,-0.13,0.8938,,0.0009
No own work (Q5=N),19974,Reverted any (14d),reverted_any,Help page references,r_n_help,-0.0039,0.0035,-1.12,0.2644,,0.0009
No own work (Q5=N),19974,Reverted any (14d),reverted_any,Reply lag (hours),r_reply_lag_hours,-0.017,0.002,-8.32,0.0,***,0.0009
No own work (Q5=N),19974,Reverted any (14d),reverted_any,Reply/question word ratio,r_reply_q_word_ratio,0.0027,0.0025,1.09,0.277,,0.0009
No own work (Q5=N),19974,Reverted any (14d),reverted_any,Has greeting,r_has_greeting,0.001,0.0021,0.46,0.6458,,0.0009
No own work (Q5=N),19974,Reverted any (14d),reverted_any,Gratitude expression,r_polite_gratitude,0.0012,0.0022,0.53,0.5955,,0.0009
No own work (Q5=N),19974,Reverted any (14d),reverted_any,Positive language,r_polite_has_positive,0.0073,0.0031,2.39,0.017,*,0.0009
No own work (Q5=N),19974,Reverted any (14d),reverted_any,Deference,r_polite_deference,-0.0036,0.0029,-1.23,0.2191,,0.0009
No own work (Q5=N),19974,Reverted any (14d),reverted_any,Has list,r_has_list,0.0043,0.0021,2.0,0.0458,*,0.0009
No own work (Q5=N),19974,Reverted any (14d),reverted_any,Question marks in reply,r_n_question_marks,0.002,0.0021,0.94,0.348,,0.0009
No own work (Q5=N),19974,Reverted any (14d),reverted_any,Q-R semantic similarity,r_qr_cosine_sim,0.0075,0.0024,3.08,0.0021,**,0.0009
No own work (Q5=N),19974,2+ active days (14d),cross_day_any_14d,Reply word count,r_words,-0.0021,0.0034,-0.61,0.5398,,0.0004
No own work (Q5=N),19974,2+ active days (14d),cross_day_any_14d,"""You"" rate (per word)",r_pronoun_you_rate,-0.0009,0.002,-0.44,0.6612,,0.0004
No own work (Q5=N),19974,2+ active days (14d),cross_day_any_14d,"""I"" rate (per word)",r_pronoun_i_rate,0.0043,0.002,2.21,0.0271,*,0.0004
No own work (Q5=N),19974,2+ active days (14d),cross_day_any_14d,"""We"" rate (per word)",r_pronoun_we_rate,-0.0007,0.0019,-0.37,0.7106,,0.0004
No own work (Q5=N),19974,2+ active days (14d),cross_day_any_14d,VADER compound sentiment,r_vader_compound,0.0045,0.0025,1.82,0.0685,,0.0004
No own work (Q5=N),19974,2+ active days (14d),cross_day_any_14d,TextBlob subjectivity,r_tb_subjectivity,-0.0004,0.002,-0.19,0.8526,,0.0004
No own work (Q5=N),19974,2+ active days (14d),cross_day_any_14d,Flesch-Kincaid grade,r_flesch_kincaid,0.0011,0.0022,0.48,0.6295,,0.0004
No own work (Q5=N),19974,2+ active days (14d),cross_day_any_14d,Imperative sentences,r_n_imperatives,-0.0006,0.0021,-0.31,0.7561,,0.0004
No own work (Q5=N),19974,2+ active days (14d),cross_day_any_14d,Resource links (total),r_n_resources,0.0053,0.013,0.41,0.6816,,0.0004
No own work (Q5=N),19974,2+ active days (14d),cross_day_any_14d,Wikilinks,r_n_wikilink,-0.005,0.0053,-0.95,0.3409,,0.0004
No own work (Q5=N),19974,2+ active days (14d),cross_day_any_14d,Policy references,r_n_policy,-0.0028,0.0111,-0.25,0.8035,,0.0004
No own work (Q5=N),19974,2+ active days (14d),cross_day_any_14d,Help page references,r_n_help,-0.005,0.0034,-1.49,0.137,,0.0004
No own work (Q5=N),19974,2+ active days (14d),cross_day_any_14d,Reply lag (hours),r_reply_lag_hours,-0.0191,0.002,-9.62,0.0,***,0.0004
No own work (Q5=N),19974,2+ active days (14d),cross_day_any_14d,Reply/question word ratio,r_reply_q_word_ratio,0.0016,0.0024,0.67,0.5001,,0.0004
No own work (Q5=N),19974,2+ active days (14d),cross_day_any_14d,Has greeting,r_has_greeting,0.0012,0.002,0.61,0.5405,,0.0004
No own work (Q5=N),19974,2+ active days (14d),cross_day_any_14d,Gratitude expression,r_polite_gratitude,-0.001,0.0021,-0.49,0.6255,,0.0004
No own work (Q5=N),19974,2+ active days (14d),cross_day_any_14d,Positive language,r_polite_has_positive,0.0043,0.003,1.44,0.1508,,0.0004
No own work (Q5=N),19974,2+ active days (14d),cross_day_any_14d,Deference,r_polite_deference,-0.0011,0.0028,-0.4,0.6888,,0.0004
No own work (Q5=N),19974,2+ active days (14d),cross_day_any_14d,Has list,r_has_list,0.0004,0.0021,0.19,0.846,,0.0004
No own work (Q5=N),19974,2+ active days (14d),cross_day_any_14d,Question marks in reply,r_n_question_marks,0.001,0.0021,0.49,0.6224,,0.0004
No own work (Q5=N),19974,2+ active days (14d),cross_day_any_14d,Q-R semantic similarity,r_qr_cosine_sim,0.0118,0.0024,4.96,0.0,***,0.0004
