idx,question,Q0,Q2,Q3,Q4,Q5
1,"Hi there! I made a new page on a TV show I like and submitted it, but now I can't find it. Were do drafts go?",Y,N,N,N,Y
2,"Hello, How Can I add a page about a politician who is currently active?",Y,N,N,N,N
3,"Hi, How to add image to the articles? How many articles we can write form the account?",Y,N,N,N,N
4,I am a member of the The Funk Center [LINK] and would like to create pages for musicians who are not currently found on wikipedia. Some of them are still alive. Any guidance on creating new pages is welcome.,Y,N,N,N,N
5,"Hello, can I create new page of Wikipedia",Y,Y,N,N,N
6,"Hi Dan, Why cannot I add some of the links in the references as I think it will be beneficial for the users and community.",Y,N,N,Y,N
7,Hi. Any tips on putting links in the references section? I'm working on updating the Sabin Vaccine Institute page.,Y,N,N,Y,N
8,"Hello, I don't have many questions yet, and I'm in a very happy mood right now, I just wanted to say Have a great day, Bye for now!",N,N,N,N,N
9,Hi - i'm wanting to update a company article but it's instantly been removed,Y,N,N,Y,N
10,"Hi Yonatan, pleased to e-meet you. I'm Sebastian and I'd like to start making some small edits here and there, at least when I find inaccuracies. I created my account today and then I went to try to make the edits and found out that my IP is blocked in the Spanish site. I'd like to update: - [LINK] - [LINK] Note: I'm argentinian and also speak spanish;) I'm following the instructions on how to get my IP unblocked, so I've created this discussion: [LINK] Do you think you could get that checked or ask someone? Thanks in advance and let me know if you want me to do anything from my side. PS: I hope I got your name right:) and I'm reaching out to you as I have a message saying you're my mentor here, but happy to be redirected.",Y,N,N,Y,Y
11,How to reliably edit a Wikipedia page (in the future when my obscure kana collection will have many kana) so my edits won't be dismissed as "Lies"?,Y,N,N,Y,N
12,I need help,N,N,N,N,N
13,"How do I create a page about Unframe Inc? I have all the text and sources ready, but do not see a way to create a page about a company. Thanks in advance for your help.",Y,N,N,N,N
14,"Hello, I’ve discovered that the second pilot has been wrongly identified. It should be Flight Lieutenant Roy Bernard Wharmby.",Y,N,N,N,N
15,"Hello. I would like to edit the article about the Holmenkollen ski jump, because a user has put the old record and not the new one, because according to that user the record is only valid for ski jumping and that according to him the record made in Nordic combined is not valid. Can I edit the article or are there some steps I should take?",Y,N,N,Y,N
16,Hlo,N,N,N,N,N
17,"Hello, I'd like to make corrections and add substantially to this bio of me,, but I don't know how to begin. I've had decades of editing experience, but the instructions here are so voluminous that I'm overwhelmed. Do I, for example just click on the page and write and remove, as when editing a Word MS? That hasn't worked so far. Please advise. RP",Y,N,N,N,N
18,How are you sir?,N,N,N,N,N
19,"Hi Mentor. Thanks for being here. Curious, back in January I suggested some information for the ""Andrew Tate"" page under the arrest/investigation section and also the header section but I see they were not incorporated. But when I go to the TALK page, it seems very short and I can't tell what feedback there might have been on my suggestions. Hoping to find out for both curiousity and also learning. How do I find my comments. (example added information about ""Tate's Angels"" and the names of the women he was arrested with and their association to Tate -- along with sources of course.) Thanks for your assistance.",Y,N,N,Y,Y
20,Is there an area or a kind of forum for knowledgeable 'opinions' in Wikipedia?,Y,N,N,N,N
21,Help me,N,N,N,N,N
22,"Hello, New here on Wikipedia. I think Johnny Whitaker should be recognized for his role in Gunsmoke. Not sure how to proceed",Y,Y,N,N,N
23,I have added the additional information as previously mentioned. How do I resubmit it (Tempt Destiny Experiment)?,Y,N,N,N,Y
24,Hi Eddy I was wanting to know how ‘big things’ get added to the Big Things Australia’ page. I started a talk but now I cannot find that talk. Apologies for being quite ignorant in this area. I’m not particular techno savvy. Anyhow I did add some links for big things but didn’t know the process. If you could advise what is required hopefully I can locate this page again and add whatever is needed unless the links are still in the talk I initiated. The Big Things were: Big Teapot - [LINK] Big Lotus Flower - Bendigo [LINK] Big Emus - [LINK] Big Kingfisher [LINK] Big Murray cod [LINK] Thankyou in advance,Y,N,Y,N,Y
25,I want to create a page for service agency,Y,N,N,N,N
26,"Hi Sohom! I've enjoyed completing the tasks suggested to me and, occasionally, researching and writing more thorough sections to those articles. When and how should I decide whether to remove the issues tags on those pages? See for example Alan Bircher: [LINK] — I added more thorough documentation of his awards, updated his current employment status, and added a more thorough section about his firing from a prestigious swim team.",Y,N,Y,Y,Y
27,Hi and thanks for being a mentor. I am also a software engineer. Just a quick question. I was reading an article and had to at least comment on it. At what point is it ok to make edits vice commenting? Does anyone review comments? BTW Uther Locksley sounds like an SCA name. Is that true?,Y,N,N,Y,N
28,How do i create my biography here on Wikipedia,Y,N,N,N,N
29,"Hello, I was wondering about citing articles I've found on newspapers.com that are old. Am I able to cite the URL if I post the article on an image hosting site? I'm new to this and very confused. I was a student at Robert Land Military Academy. Robert Land Academy is currently being sued by over 70 former students for physical and sexual abuse. Most of the information on Wikipedia was posted by the school and is very inaccurate. I have articles to prove this. What do I do?",Y,N,N,Y,N
30,Hello! How are you? I'm from India and you?,N,N,N,N,N
31,"Hello, I am new to Wikipedia and posted my first page on Sunday, September 21. I would really like to see it posted on Wikipedia as soon as possible. Can you please review the posting and kindly let me know what needs to be done to have it accepted? Thanks in advance, Warren",Y,N,Y,N,Y
32,Hello. How do i find a citation source?,Y,N,N,N,N
33,"Nice to meet you Panini. I found an article in the German Wikipedia on Hugo Wolf but I don't know German. I need to read it in English. The reason is Hugo Wolf was my great-uncle and there is some information that is missing that I can add. Also, I would like to know who wrote it to contact them.",Y,N,N,N,N
34,Hello,N,N,N,N,N
35,Hello do i make money off editing on wikipedia?,N,N,N,N,N
36,How do comment on AfDs? Do i have to be an extended comfirmed user?,Y,N,N,Y,N
37,"Hi, I just did my first edit about a subject I'm passionate about, if you have time could you have a look and let me know if the changes were fairly made? Thanks!",Y,N,Y,N,Y
38,how do i reference sources for an article and how much references do i need,Y,N,N,Y,N
39,"Hello, Happy Father's Day - in America, notwithstanding the all the world's fathers. I had made an addition to my hometown's list of notable people years ago, and I was hoping to do the same for an another noteable person from my hometown.",Y,N,N,N,N
40,"I do apologise that this may be specific to UK law but I have a feeling that the company in question is no longer active - Companies House records show that the main entity has been struck off on multiple occasions since 2020, their only employee seems to be the current director and and that related entities bearing the Red Kite name have been dissolved. Would I be able to change the article to reflect this suspicion or would I need to obtain absolute proof that this is the case?",Y,N,N,Y,N
41,"Hello, Is there a specific sentence format preferred for editing articles for Wikipedia? I am afraid my standard structure could come across too informal. Thank you",Y,N,N,Y,N
42,Can you help me edit my wiki page to a professional one?,Y,N,N,N,Y
43,"Hello, I was reading about Brown v. Board of Education and decided to add a piece of information I thought was interesting and maybe important from the book. You can see it on my edit history (I think). Can you review my work to see if I did anything wrong? I hope to be a good wikipedia editor because I enjoy adding knowledge to the world. Thanks!",Y,N,Y,N,Y
44,"Hi, I have published a page and its not visible in the search. Can you help?",Y,N,N,N,Y
45,Hi did I added the reference correctly?,Y,N,Y,N,Y
46,I have been doing a few edits; I would love to get your feedback.,Y,N,Y,N,Y
47,"I just made my first suggested edit. However, in entering text for a description or explanation of my suggestion, I accidentally hit the Enter key and my text was truncated. I wanted to explain that the Town of ""Barton"" NY could not have been ""named after"" a woman who was born Belva Ann Bennett, married a man named McNall, and later married a man named Lockwood. The town's own webpage has a much better explanation for the history of the town's name. Thanks. No Reply needed, unless you feel one must be made.",Y,N,N,N,Y
48,hi I am Ravi from India Ask regarding to create user page on Wikipedia 1. what type of information share on user page 2. which type of links(publish books or website) add on user page,Y,N,N,Y,N
49,Hello this is Mibs can you p[lease help me how can i add any information to wikipedia,Y,Y,N,N,N
50,"I'm a longtime NBC News correspondent (and there is a page about me). One of my longtime colleagues who was NOT on camera, but is a cameraman/producer, who has been a part of not only significant news coverage, but helped developed what's now more commonly known as ""backpack journalism"" deserves a notation. He's won important journalism awards, and like so many (but not me) has written (years ago) a light hearted book about his experiences. Would he deserve a page/is he notable? He certainly is to me and his work now with National Geographic etc would seem worthy. Thanks for your advice/guidance. Cheers",Y,N,N,Y,N
51,"Hi, I've been waiting a couple of months for a review, I've just added tags. Any other ideas of how I can get it reviewed again please? Thanks",Y,N,N,N,Y
52,Hi I am really struggling to get my first page published. Not at all understanding the rationale. I see other pages structured the same way so what am I doing wrong?,Y,N,Y,Y,Y
53,Hi how do i create a new article,Y,Y,N,N,N
54,"Put in my first edit today after it being a bit of a brain worm. Excited to venture forth, will probably be more earth science and prehistory things.",Y,N,N,N,Y
55,"Hi, I am attempting to add a entry to a sorted table but the formatting appears to get messed up",Y,N,N,N,Y
56,please help fill my details in my wikipedia page,Y,N,N,N,N
57,"Hello, mentor I would like to know About Darnell Lamar, UnitedMasters, select artist.",N,N,N,N,N
58,How to change my username,Y,N,N,N,N
59,"Hola, puedo crear una articulo?",N,N,N,N,N
60,"Hi, how do I correct an error in this article on the Calvary statue on the Charles Bridge in Prague. It mentions a plaque placed near the statue at the request of group of North American rabbis. I was one of those rabbis present along with a representative from the Cardinal and the mayor of Prague and the year was not, as stated, 2009. It was in 2000.",Y,N,N,N,N
61,Apparently you're my mentor. My first article on [WIKILINK] was deleted and now is moved to drafts (I was not done and it's a translation job plus article). I wrote another one on [WIKILINK] which I think is a simpler topic. Can you please look at them and tell me what needs to be fixed?,Y,N,Y,Y,Y
62,My first article [DRAFT] review my draft and get back feedback,Y,N,Y,N,Y
63,"Hi! I'm looking to add a wikipedia page, how would I go about doing that?",Y,Y,N,Y,N
64,How to create an article?,Y,Y,N,N,N
65,"Hi, and thank you for being my editing mentor!! I wanted to start with changing some BC and AD to BCE and CE, and I was wondering if that's ok and supported. Thank you again!!",Y,N,N,Y,N
66,Hi! My boss is trying to have me create a wiki page for our company. What formats are accepted for the page?,Y,N,N,N,N
67,How can I add an image?,Y,N,N,N,N
68,Hello how to add picture,Y,N,N,N,N
69,Hello i would like to know why my drafts are being deleted even though they are verified facts,Y,N,N,Y,Y
70,"Hello, I was wondering if you knew anything about un-deleting a page. I know that it didn't meet all the requirements and I understand that but someone deleted the page before I could even edit it. I am new to wikipedia, but would love to get my page un-deleted so it could follow the guidelines. This person disrespected me and my journalism ethics and I don't find that quite fair. To add onto my last question. I would like to say that my work has been looked over by my boss at the job I work at, and was not just thrown together to throw together. This is an assignment my job gave me and I would like to not get fired for trying to do something on this website.",Y,N,N,Y,Y
71,how to create page?,Y,Y,N,N,N
72,"Hello, Could you let me know what the process is to create my own company page? What do I have to do before this is possible?",Y,N,N,N,N
73,Hello! My draft about Cherie Westell is ready for review. Could you please check if it can be moved to the mainspace? After publication I will add the image back to the infobox. Thank you!,Y,N,Y,N,Y
74,"Hello! I have a fantasy wrestling league that I've been working on for 2017 and I feel like it would be cool to share it and explain it to the world, while there is no official ""proof"" that it exists since it is completely fantasy and only written on paper, with no actual live events being promoted or taking place. Will this be possible to even publish?",Y,N,N,Y,N
75,How to type in Microsoft word,N,N,N,N,N
76,hi nice to meet you.,N,N,N,N,N
77,"How do you do? My name is Ruslan. I work in energy sector my working experience approximately 25 years. I created Wikipedia page 2 share the story of my parents who were great scientists I edited everything in line is requirements of Wikipedia, but unfortunately, somehow my article weren’t published yet has been already more than a month. Could you possibly help me or at least navigate me? What shall I do?",Y,N,Y,Y,Y
78,Hi how do I confirm things,N,N,N,N,N
79,Hi there's no media option to put in the image. Am I doing it wrong I need a tutorial lol... I know ur probably busy but the wiki tutorial was too complicated so can you explain it simpler for me pls? Thanks mentor bro,Y,N,N,N,N
80,"Hello, How do you do? I forgot my password and have only been able to retrieve my account today (after 3 years!). I want to add a wiki page for a company. What is the process like please? Thank you!",Y,N,N,N,N
81,"Hello! I came across a recent Wikipedia entry for a beloved friend and mentor who passed away in 2013. This was a famous theatre actor/director. I was concerned to see that while some of the entry was factually correct, some of it was not. As a retired English professor with many publications to his credit, it is important to me to correct the errors in this entry. Any assistance or direction would be much appreciated! Gratefully, Howard Kerner",Y,N,N,N,N
82,"Hi, how can make my own article",Y,N,N,N,N
83,"Hai! I was just curious as to the policy on changing the wording of sentences. If I see a sentence on an article that says; ""in the year __ the name of __ was changed to __,"" would I be allowed to change that wording into; ""The name of __ was changed into __ in (the year)"" Sorry if that sounds a little confusing, but I was just curious about this subject. Thanks a ton!!!!:3",Y,N,N,Y,N
84,Hi there! Thank you. I'm a little confused. I just created a page but it's displaying my username and not the name of the person for whom the page was created? And I hit "publish" but I'm not sure where it went?,Y,N,N,N,Y
85,"I created a page for a book that is verifiable, well cited, self written, notetable and neutral. This one guy came along and said it was written by ai. Previously I did use grammerly which isn't exactly ai and I have since revised the page in my own writing. Yet I am still not able to get approval. can you please help me? I am happy to revise my work again but their is no specific suggestions or references to issues just the vague claim that I sound like ai. I really don't know how to prove other wise. I spent a whole afternoon writing this and I don't think this guy ever even read it considering his response. this is really disheartening.",Y,N,Y,Y,Y
86,"I created a page for Pioneer Bank in the sandbox. I would like to make it live, please let me know how I can accomplish that.",Y,N,N,N,Y
87,"Hey Ruben, I'm looking to learn more about copywriting, I would love for your advice on this! If there's any tips and tricks you can give, thanks in advance",Y,N,N,N,N
88,"Hello, I have edited a section referencing our church location and website but I am getting a cite ref failure. The ref is OK but no test showing in the summary. I hope this makes sense. I can't revert to the previous incorrect text.",Y,N,N,N,Y
89,Hello,N,N,N,N,N
90,Dd,N,N,N,N,N
91,Hello. How can I update information about myself on Wikipedia?,Y,N,N,N,N
92,"Hello, I was wondering if I am an actor with IMDb credits in movies and TV, can a wikipedia page be created without my consent?",Y,N,N,Y,N
93,"hello, Im interested in universities and schools in ireland and britain and i have noticed that several business schools in the region do not have wikipedia pages. how can i go about creating them?",Y,N,N,N,N
94,Hello oo,N,N,N,N,N
95,"hi, i would like to create an article about odins valkyries but i do not know where to start, can you help me? thank you for your time and dedication",Y,N,N,N,N
96,"Hi! I submitted an article for view. I am a member and have volunteered at Gibbs Gardens, not sure if that is a conflict of interest to disclose. the concept of 'conflict of interest' is confusing. there is so much more I could say but worked hard to keep things neutral and fact based and have lots of sources/citations. Any feedback is welcome. Thank you",Y,N,N,Y,Y
97,Hello what should I do for this,N,N,N,N,N
98,how do i make an article,Y,Y,N,N,N
99,"Hi, I see you're listed as my mentor. I've started editing the China article, I feel like this is a sensitive area. I'm making edits in good faith, how should I conduct myself? Do I need to talk about changes in the Talk section first? It doesn't seem other users do that. Just thought I would ask. Thank you.",Y,N,N,Y,N
100,Hi how do I create a profile and citation?,Y,N,N,N,N
101,Hey there! My article on Chris Dorsey was denied because it lacked proper citations. I'm sure this is a pretty normal mistake so I had really gone through and added a bunch of links but it still didn't work. What am I doing wrong here?,Y,N,Y,Y,Y
102,How do I create an article?,Y,Y,N,N,N
103,"I have prepared my submission in my sandbox and hit PUBLISHED. How do I submit it for through the Articles for Creation (AfC) process, which allows editors to review and approve it for publication. I couldn't find a banner that says ""Submit your draft for review"" to click on and submit it.",Y,N,N,N,Y
104,Hi,N,N,N,N,N
105,"Hi, I have contributed some information about my art practice in a new article. Please let me know if you have any suggestions or recommendations for the same. Thank you.",Y,N,Y,N,Y
106,"Hi, I uploaded some photos a while back but have forgotten the filenames. Is there a way I can find them? Thanks. Andrew.",Y,N,N,N,Y
107,"Hello Comr, I trust you're doing well. I'm creating this page on behalf of a local artist. Are there any tips or guidelines I should follow? I appreciate your comments!",Y,N,N,Y,N
108,Hello. For the moment I have no questions. I signed up to remove the word "Puppet" from Ebrahim Rasool's portrait - but someone else did that while I was creating my account! I'll consult you first before making any future edits.,Y,N,N,N,N
109,"Hi there! I would like to set up a neutral, fact-based Wikipedia page for my company. I want to properly disclose any conflict of interest to make sure everything is above board. Can you help me understand the best way to do this?",Y,N,N,Y,N
110,"Hello, can i delete an old revision? I'd like to remove the first version from the history",Y,N,N,N,Y
111,How do i add pictures,Y,N,N,N,N
112,"Hello, i want to edit something articles actually but can you guide me the rules for it to edit",Y,Y,N,Y,N
113,how do i create a new article?,Y,Y,N,N,N
114,How do I get back to seeing about Jason Priestly,N,N,N,N,N
115,hi can i put AI in my html code,N,N,N,N,N
116,how to exit editing,Y,N,N,N,N
117,How do i submit for editor review?,Y,N,N,N,N
118,Hello I would like to know how can I post or share my lesson,N,N,N,N,N
119,"Good morning sir, please sir I will like you to guide me on how to write and edit on biography of towns, villages and cities. I will be pleased if you guide me on it. Thanks",Y,N,N,N,N
120,hi im vishwanath. i would like to know how to start editing. could u pls help me,Y,Y,N,N,N
121,"Can you help for spelling, grammar, and the clarity of the text of TV5 (Philippine TV network)?",Y,N,N,N,N
122,"Hi, my account is new, but I'm using Wikipedia for years now and of course, I'm donor as well... I'm living in Strathmore, Alberta, Canada: [LINK]. I would like to ask how can I update the ""official"" photos in the article? That photo had been taken in 1974, the grain elevators demolished in the 1980s... So they are no longer exist. I took some photos about a year ago about the new town hall. And: since than the town has new a logo, so I would like to replace the old flag not is use since the 2000s.",Y,N,N,N,N
123,Wiki blocked me from editing,Y,N,N,Y,N
124,"Hi! I would like help publishing an article about artist Destin Conrad. I created a draft, but it was swiftly deleted. I've reached out to the deleter to see if there was a way to recover all the data I entered. If I am able to recover the data entered, would love your feedback on how to make sure it get's approved/published once I decide to submit.",Y,N,N,Y,Y
125,What do I have to do to get my article published,Y,N,N,N,Y
126,"Hey Hey! This might be quite something: I want to be transparent and let you know that I got the task as intern at Armada Music to have a look on how to change their Wikipedia page to include accurate and not outdated pictures and information. I've heard that as of now the last intern spent 6 months and was unable to figure out how to change things, I did a lot of digging and research and discovered I had to be auto approved by making 10 edits to upload pictures. Some questions I had before I get started on changing the Armada Music wikipedia page to make it more accurate and non biased in terms of information: 1. Do my sources have to come from independent sources or can I refer to information that is presented on the Armada Music Website? 2. It mentions that pictures have to be changed to include licensing information? what does this mean precisely? 3. Is it considered a conflict of interest or bad practice that I change the Wikipedia page simply because I am an intern there? The information that is currently on their page is incredibly outdated and simply false, they don't wish for the page to be extremely detailed they just want it to be accurate and portray some simple information about who they are since Wikipedia is a front runner in terms of information sources. 4. What are some advices for me you might have when it comes to changing a page of a larger company entity such as Armada? My apologies for all of this spam, let me know if you're capable of helping me out or not!:D",Y,N,N,Y,N
127,"Hey Rusty! I'm trying to make a Wikipedia page for a business I work for - obviously there are quite a few pitfalls that I can run into along the way... what would be the best course of action for our business to have a page that is likely to be approved? If the information provided is about the business themselves, what references could I be using to make it appropriate for Wikipedia?",Y,N,N,Y,N
128,im a lone boy,N,N,N,N,N
129,This is a test.,N,N,N,N,N
130,"Hello, thank you for being assigned as my mentor. I have a draft biography in my sandbox with a disclosed conflict of interest and a pending request for review. As this is my first article draft, I wanted to ask if you could briefly advise whether the draft is on the right track, or if there is anything obvious I should adjust while waiting for a reviewer. Thank you for your time and help. Best regards",Y,N,Y,Y,Y
131,How can I create stories,N,N,N,N,N
132,How can I start editing?,Y,Y,N,N,N
133,hello i am trying to learn how to add image on? wold you be able to guide me? thks in advance,Y,N,N,N,N
134,"Hi, how can I have a profile on Wikipedia. Where people can search and see me?",Y,N,N,N,N
135,How to i post a wiki,Y,Y,N,N,N
136,Hello I want to add a picture,Y,N,N,N,N
137,"Hi, I created my account 2mths ago but its still not live",Y,N,N,N,N
138,"Hi, Dear, I hope you’re doing well. I wanted to check with you whether my Wikipedia account is now considered active and trusted enough to start drafting a new article. So far, I have: Corrected spelling mistakes Added or removed commas Adjusted plural forms where needed Removed a few extra words to improve readability Could you advise me if my account is ready for drafting, or if there’s anything else I should do first? Thanks so much for your guidance! Best regards",Y,N,N,Y,N
139,"If you have time, please look at my first reply under the first heading ""Tone"". Is that valid or no? Always seeking to understand better. Thank you. [LINK]",Y,N,Y,N,Y
140,"Hi! I submitted my first back in June and was declined because I cited incorrectly. I updated it immediately to reflect everything, I believe, the accurate way. However, I haven’t seen any movement on the piece. Is it normal for it to take this long? The original submission was responded to quite quickly… I’m wondering if I’ve done something incorrectly after updating?",Y,N,N,Y,Y
141,"Hello, how can I find a mistake in an articale if my english is not good enough?",Y,N,N,N,N
142,Hello. I would like to edit a Wikipedia page created for my by an unknown user due to inaccurate information and privacy concerns.,Y,N,N,Y,N
143,"Hello! Imagine my surprise when I saw a little question mark in the lower left corner of my user page pop up telling me you are my mentor. I don't have a question at this time, but am very glad to know there is someone I can go to directly when I do need help in the future. Best regards, and thank you.",Y,N,N,N,N
144,"Lekhpal Singh Chandrawat is a famous Indian Tech YouTuber, singer, musician, actor and internet celebrity born in India. Lekhpal Singh Chandrawat was born in Bhatkheda Madhya Pradesh. His father's name is Balwant Singh Chandrawat and his mother's name is Seema Kunwar Rajput. Lekhpal Singh Chandrawat has been interested in singing, acting, technology, mobile, computer since childhood, as well as he is very interested in all these. He studied till class 8th from Gurukul School Kalukheda, Lekhpal Singh has a younger brother named Tejpal Singh Chandrawat. At the age of 16, he created his own identity on YouTube as a tech YouTuber ""Technical Bharat"" in Bhatkheda village, where Lekhpal used to make technical videos, but in the year 2018, due to YouTube's community guidelines, Lekhpal's channel was suspended by YouTube. Overnight, more than 60,000 subscribers were lost, meaning Lekhpal Singh's channel was suspended by YouTube Career - He started his career as a music video editor in 2018 and is currently active in the music industry. He is also known as an actor and music director. IMDB Mini Biography Author: Lekhpal Singh Chandrawat Has released music projects on many different music platforms like Spotify, Google Play Music, YouTube Music, Apple Music, iTunes, Amazon Music and many other international platforms like Deezer and Tidal. And also you can find his music on Tik Tok library or Instagram and Facebook posts he has been verified on all these music platforms and if you have interest in his art then it's easy to search him and you can easily find his real profile. His name became even more famous when he won the dream11 of IPL 2024 and won the amount of 3 crores. The net worth of Lekhpal Singh Chandrawat is 5 crores Lekhpal Singh Chandrawat was born on 21 April 2004 in Bhatkheda, Ratlam district, Madhya Pradesh",N,N,N,N,N
145,"Hi, I became a brand new Wikipedia editor yesterday and I've got a question about references. I've tasked myself with documenting the regulatory process of Formula One. A sport which I enjoy to watch but also one in a far from transparent universe governed by quite some non-disclosed documents involving commercial parties. This comes with some challenges regarding references. Several claims I would like to make can only be substantiated by on-line references on sites which require a (free or paid) subscription, or by hearsay information published by editors on specialized platforms (which they cannot formally substantiate as they get their information from their own trusted sources). Is there a Wikipedia policy which outlines what to do in such situations?",Y,N,N,Y,N
146,How do i create template,Y,N,N,N,N
147,I am editing a page named as Sunil Rane but there is an automate filter which is removing my all changes and updates. Ho will I able to make updates on the page and fix errors?,Y,N,N,Y,Y
148,Where do I get info from,N,N,N,N,N
149,Hi! How do I create a Wikipedia page?,Y,Y,N,N,N
150,I am trying to create a wiki profile for one one the ict leaders in the kingdom of bahrain. He played a good role in changing the future of ict industry in bahrain by introducing good it solutions and also creating big opportunities for young youth with training programs within the industry. I submitted a small draft but it was deleted or something I don't know,Y,N,N,Y,Y
151,^^ Hi there! I am new here and don't understand how to do anything.. Can you please help me?,Y,Y,N,N,N
152,"hi, i want to make a wiki page about mysenlf and my organisation. how can i create that",Y,N,N,N,N
153,Hello,N,N,N,N,N
154,"Question Dr.Vulpes If a Wikipedia page was created about me but is not viewable by others, please advise why it’s not viewable. Please advise me of the status. Thank you.",Y,N,N,Y,N
155,Is there any way to make a Wikipedia page?,Y,Y,N,N,N
156,"Hello, please bow do you add someone to wikipedia? Thank you",Y,N,N,N,N
157,How do I add information,Y,N,N,N,N
158,"Why are so rude? And unhelpful? That is my question to you as my supposed 'mentor'. Instead of taking a moment to engage constructively, you slapped a warning on my article. That’s a pretty rude way to treat something I spent weeks researching, fact-checking, and writing. Sure, I use tools to help with grammar—like a calculator for words—because I’m a bit dyslexic, but the content, effort, and historical understanding are entirely mine. If you have doubts, you’re welcome to check the references yourself. If something isn’t accessible online, I’ll gladly provide photos of each and every page to back it up. I’d suggest that next time, a conversation might work better than assumptions and warnings. Let me know if you’d like to address any specifics—I’m happy to discuss. Otherwise, I’d suggest rethinking how you handle contributors who are genuinely trying to add value.",Y,N,N,Y,Y
159,How can add my detailed profile on Wikipedia,Y,N,N,N,N
160,"hi, once I wrote my page it disappeared. I made a new one and it doesn't let me edit! what should I do? thanks",Y,N,N,Y,Y
161,"Hi, I am the son of Billy Cooper and have more information about his career. I have tried to add this but not done all of it. HAs a youth he played for 2 teams in York but i don't think this has been added.I have a signed contract for macclesfield in 1947-48 but it has not been added. Can you check his page and advise me how I add my information please. David Jack Cooper",Y,N,N,N,Y
162,"Hello. I've just joined and would like to edit my page. The information on the page is accurate. However, it is incomplete and out-of-date. I would like to update the information about my personal life and legal career. May I simply go forward with this? Thanks.",Y,N,N,N,N
163,Hi! I signed up for the purpose of editing a wiki article I wrote back in 2006. It was a featured article and then it was unceremoniously removed from the featured content. I feel that was a mistake. I'd like to start a discussion on how we can get it back to being featured. How can I go about doing this?,Y,N,N,Y,Y
164,"Hey! You're assigend as my mentor, so I hope its okay that I contact you about this. I just wrote my first original wikipedia article. If you have some time, maybe you could review it and give me some feedback? [LINK]",Y,N,Y,N,Y
165,"Hello there! I've just made this account, and i have a couple questions about editing, mostly just pictures i want to add to pages. As an editor, am i allowed to use the Snipping Tool available on Windows 11? Or will i have to use some other method, as the Snipping Tool is pretty much the only way i know how to crop pictures. And, will i be able to use pictures from websites such as Goodreads? And lastly, will any drafts i create be publicly viewed? Or will it be private. (I am a bit self-conscious with drafts i make being publically viewed.) I'm sorry if any of these questions seems ""stupid"" or ""simple"", I'm very new to editing, and i am a bit overwhelmed right now. But, i still hope to make the changes and make new pages for media i want to see in Wikipedia.",Y,N,N,Y,N
166,Hello... I made some edits on a page along with proper references. But without reasons all the edits were reverted. Some details on the page are wrong info.,Y,N,N,Y,Y
167,How do I add personal information to Wikipedia,Y,N,N,N,N
168,Quiero entrar un club por favor,N,N,N,N,N
169,Hi! I’m just getting started on Wikipedia and am going to put in posts on my expertise (clinical decision support). How do I publish? I don’t see a “blue publish button” per the tutorial?,Y,N,N,N,N
170,"Hello, thanks so much! I would love to occasionally contribute on AI/technology/mathematics topics on Wikipedia. I just submitted my first draft. May I ask if there are some ""best practice"" articles that are perfect for getting some inspiration for good quality content? Also, are preferences for different new articles measured? I would like to contribute with topics that are important and people search for them a lot. Thanks a lot!",Y,N,N,N,Y
171,Hello my name is Amache I am trying to figure out how I can send Denzel Washington a message or if that's even possible,N,N,N,N,N
172,how to add new person profile,Y,N,N,N,N
173,I want write a biography for an artist how can I start?,Y,N,N,N,N
174,hello me,N,N,N,N,N
175,Hey team! Hope everything is great! Can you please check my edits i did to [LINK] Would love to get feedback how i can improve and get beter. Added as many good citations as possible so nothing i've written is without a source.,Y,N,Y,N,Y
176,Do You Only Need To Use Sub-heading 1?,Y,N,N,Y,N
177,"Hi, I'm Blanche McCrary Boyd, and there are inaccuracies as well as stupidities in the article about me. For instance, I am retired as the Weller Professor of English and Writer in Residence at Connecticut College.",Y,N,N,N,N
178,"Hi please could you check on my edit of the Fanuc page, I tried to site it properly but once I published it said there were some issues, here is the link where I got it from where I wanted to update their financials, [LINK]",Y,N,Y,Y,Y
179,hey! i want to know about how i can add a new page of any person here,Y,N,N,N,N
180,"Hi, thanks for helping us newcomers. I had a question about reliable sources; should I use google to find it, or is there a specific website where I can find sources? Thanks! ",Y,N,N,Y,N
181,Hello! Can you tell me how can I publish an article that is in the Draft space?,Y,N,N,N,Y
182,how i delete a page i created?,Y,N,N,N,Y
183,Hello how do I post an article?,Y,Y,N,N,N
184,Hello there. Why can't I see my page when I search for it??,Y,N,N,N,Y
185,"Hi, I noticed this article states that the Milwaukee Bucks do not have a basketball in their logo. However, in the antlers there is an outline of a basketball. I am not sure if that counts as having one or not, so I don't want to edit unless it fits the exact defition. Thanks!",Y,N,N,N,N
186,Do people get salary form wikipedia?,N,N,N,N,N
187,Hi! I am credited in an existing Wiki page and now and I want to claim it and actually be able to fill out the page,Y,N,N,N,N
188,"Hi there ZI Jony / GenQust! Our goal is to contribute encyclopedic-level resources for renowned Architects throughout the Northeast United States. We're starting off with Charles Hilton - we've leveraged Wikipedia's ""best-practices"" documentation and referenced existing Architect's wikipedia pages to ensure ours is equal if not better in its tone. Please advise us on the best way to proceed with publishing this article, as we intend to contribute many more!",Y,N,Y,Y,Y
189,Have some additional facts to add to Wiki's listing for Robert (Bob) Gilruth ([LINK] Also things on paleoclimate as I find them. Thanks. Am a retired oceanographer.,Y,N,N,N,N
190,HI - the wikipedia page Daphne Zohar contains outdated info. I tried to update the info and my changes got reverted (in seconds) by a bot. I'm not sure what I did wrong. Can you see if its possible to keep the changes while letting me know what specific edit caused the reversion by Leonid (the bot). Thank you!,Y,N,Y,Y,Y
191,"G'day, I'm working on a few articles and I'm just in need of assistance with doing referencing again. I'm also working on a article that hasn't been published, you can let me know and I can always publish it for you to assist in working on it. Regards, Ethan.",Y,N,Y,N,Y
192,"Hello, Mark here! I'm a web developer normally I can do everything but Wikipedia is a new world for me but soon will everything be very easy for me. I have a Q for you, when can I start publishing pages and bios? thanku and have a good weekend Mark",Y,N,N,Y,N
193,"Hello. I'm really not interested in editing—I'm just trying to get into the Wikipedia Choral Public Domain Library to obtain printed music, particularly that which us usable for hammered dulcimer. What what do I need to do in order to do this? Help!",N,N,N,N,N
194,"I don't know how to start the article. I just make a short article in my sandbox, but the article can just be read by me. How to create a new article that can be read by public?",Y,N,N,N,Y
195,"Subject: Request for Guidance Regarding Reverted Edits and Warning Received Hello, I hope you are doing well. I am reaching out to you as my assigned mentor on Wikipedia because I recently faced a situation that I would appreciate your guidance on. I have been working on improving the ""Open University of Sudan"" article by adding reliable sources to support the existing content. However, one editor reverted all my edits without providing a clear explanation, and I also received a warning accusing me of disruptive editing. I replied politely asking for clarification but have not received any response. Since I am new to Wikipedia editing, I want to make sure I am following the correct procedures and contributing constructively. Could you please advise me on how to handle this situation? I am eager to learn and improve my contributions while respecting Wikipedia’s guidelines. Thank you very much for your support and time. Best regards",Y,N,Y,Y,Y
196,"Hello Hannah, I published an article but it has not reflected, any reason why?",Y,N,Y,Y,Y
197,"Hey! If you could just let me know, im new to editing and have grown up as a dinosaur fan and fan of other media, but one of the biggest youtubers in my space is TheGamingBeaver, he has over 4 million subscribers and 2+ Billion Views. He is th biggest dinosaur/Kaiju game/Movie youtuber out there really, and has made a huge impact in the space. I was wondering if a wiki would be alright to be made for him? I have a near draft ready but with a lot of issues (as like I said im very new to editing lol) but I feel like he deserves it. Even if its a small Wikipedia page. Thank you for your time.",Y,N,N,N,Y
198,"Hi hope you are well, I'm just going through articles that have suggested edits to check if theres anything that need changing and an article I'm looking at says it contains promotion content and I'm not sure if it might be the fact that in the intro to the article about the person it mentions a film the directed and gives info on the film which takes up most of the intro when theres a separate section for the films he has done, could the film information the introduction be the promotional content. sorry I'm new and don't want to make a mistake.",Y,N,N,Y,N
199,hello,N,N,N,N,N
200,"Hey, whats up, I tried to add links to the References chapter but I got numbers on top of the line. Can I remove them and how can I do it? Thank you in advance.",Y,N,N,N,Y
201,I want add photo to my profile,Y,N,N,N,N
202,"Hello Asaraeel, I am new to Wikipedia editing and I want to know how to help, I have used this website for a long time.",Y,Y,N,N,N
203,I can't figure out to add a new thing to this but Rainbow Six: Smol needs to be added to this page,Y,N,N,N,N
204,")]] Hi, I have a PILE of documents and history including all the private ship newsletters from the battlecruiser USS GUAM from WWII. I don't know how to get in touch with the person who seems to have the most edits on the page for the Guam. What should I do? Can you email me at my email on file? Thanks",Y,N,N,N,N
205,What must I do with the same references in [WIKILINK]? But perhaps I've encountered a reference loop here.,Y,N,N,N,Y
206,Hello! Could I ask how to add those infoboxes to my user page? I would love to display my proficiency in different languages and my experiences and (informal) disclosures to make. Thank you!,Y,N,N,N,N
207,Hello. Does Wikipedia allow to share links to the information I provide?,Y,N,N,Y,N
208,"hey i want to make a page about my company, whats the best way to write it so it gets accepted at first and then i can go about making changes in it later too",Y,N,N,Y,N
209,"Hi, I had a friend who updated my Wiki Website. But he can do it no longer. I have written more articles and see other changes (an article that is listed ""in print"" and was published in the meantime). How do I do this. All the info I found was confusing to me.",Y,N,N,N,N
210,"hi dear admin, i would like to ask to you i can create new articles of wiki german but i can't do that on Wiki English could you please help me on that issue Sincerely",Y,N,N,N,N
211,"Hello there, I might see your edits about this!",N,N,N,N,N
212,"Hello, how long will it take for my page to get reviewed? I have been waiting for over a week now.",Y,N,N,Y,Y
213,"hello,what is I.C.T",N,N,N,N,N
214,Hi. I would like to publish a Wiki on behalf of an author. Now what?,Y,N,N,N,N
215,how can i publish my article,Y,N,N,N,Y
216,how to create a page for other person,Y,N,N,N,N
217,"Hi, I have edited the Royal Indian navy mutiny page by changing the word mutiny to rebellion, based on a book. I have included the citation. How can I change the page title?",Y,N,N,N,Y
218,"Hello, How can I create a new page?",Y,Y,N,N,N
219,"Hola, quería preguntar, ¿cómo se agregan imágenes y/o fotos a los sitios de Wikipedia? Gracias.",N,N,N,N,N
220,Good morning! How soon add images to an article? Thanks!,Y,N,N,N,N
221,"In that piece is says attic char have no Kyle or it is barely visable, yet above that is a photo a a gut holding a very large Artic Char with a clearly visible Kyle. Very prominent. I'm new here and not sure how to go about things so whatever you think is fine with me as they said you were the mentor to ask. Thanks",Y,N,N,N,N
222,How do I create a new article?,Y,Y,N,N,N
223,"Hi, assigned mentor! Where do I start with editing and improving pages on Wikipedia?",Y,Y,N,N,N
224,I want this page to be protected,Y,N,N,N,N
225,Hello I want to learn computer,N,N,N,N,N
226,Hi! How would I create a new subheading/section on a page?,Y,N,N,N,N
227,"Olá, estou fazendo um trabalho para a faculdade. Nele consiste em fazer uma pequena, porém detalhada autobiografia. E uma boa forma de isto se tornar público seria aqui. Isso seria possível?",N,N,N,N,N
228,"Hello!:) I've been going a bit ham on editing Wikipedia, and there are a few pages ([LINK], [LINK], [LINK], & [LINK]) where I made some pretty hefty edits. If you have some time and would be willing to take a look at what I've been up to, I would really appreciate that - it would be great to know whether I'm on the right track or not (and if not, what I could be doing better). Definitely no pressure and no worries if not though, I understand it's kind of a big & broad ask and that you must be really busy!:) Thank you for your time.",Y,N,Y,N,Y
229,Hello. What pages do you find most frequently vandalized?,Y,N,N,N,N
230,"I've been reading essays, and I'm curious about them - how are they created?",Y,N,N,N,N
231,Hello I want to be publicly shown,N,N,N,N,N
232,How do I create an article?,Y,Y,N,N,N
233,"Hello, I want to change my username.",Y,N,N,N,N
234,"Hi, I wanted to edit something about the article “October 7” that word “ongoing” war, I wanted to delete it, so my question is, is it OK? Or should I wait a few months? Until this war can be considered over.",Y,N,N,Y,N
235,"I'm trying to upload the image of the artist but can't find the contribute icon, please help",Y,N,N,N,N
236,How do i create a wiki,Y,Y,N,N,N
237,"Hi, can you please review the article and move it to the main page",Y,N,Y,N,Y
238,How can I make the article I wrote public? Is what I did wrong? Explain it to me.,Y,N,N,Y,Y
239,I am not trying to advertise but I am trying to get the information correct on our company page. It keeps getting picked up on web searches and AI searches. How do I get the correct information on our page?,Y,N,N,Y,N
240,Fix my userpage,Y,N,N,N,Y
241,Can I add a picture to this page. I have a picture of captain hunts grave stone,Y,N,N,N,N
